NOME DE PREGÃO,SEGMENTO,Demonstrações Financeiras do Exercício,Unnamed: 3,Unnamed: 4,Unnamed: 5,Assembléia Geral Ordinária,Unnamed: 7,Formulário de Referência,Unnamed: 9,Reunião Pública com Analistas,Unnamed: 11,Informações do 1º Trimestre - ITR,Unnamed: 13,Informações do 2º Trimestre - ITR,Unnamed: 15,Informações do 3º Trimestre - ITR,Unnamed: 17,Apresentação Pública sobre Divulgação de Resultados,Unnamed: 19,Unnamed: 20,Unnamed: 21,Unnamed: 22,Unnamed: 23,Unnamed: 24,Unnamed: 25,Unnamed: 26,Atualizado,2020-10-16 00:00:00
,,Demonstrações Financeiras Anuais Completas,,Padronizadas - DFP,,,,,,,,,,,,,,Exercício Social,,1º trimestre,,2º trimestre,,3º trimestre,,,,
,,Previsão,Entrega,Previsão,Entrega,Previsão,Realização ,Previsão,Entrega,Previsão,Disponibilização do Material,Previsão,Entrega,Previsão,Entrega,Previsão,Entrega,Previsão,Disponibilização do Material,Previsão,Disponibilização do Material,Previsão,Disponibilização do Material,Previsão,Disponibilização do Material,,,
ABC BRASIL,N2,2020-02-06 00:00:00,2020-02-06 00:00:00,2020-02-06 00:00:00,2020-02-06 00:00:00,2020-04-17 00:00:00,2020-04-17 00:00:00,2020-05-29 00:00:00,2020-05-29 00:00:00,2020-11-01 00:00:00,,2020-05-14 00:00:00,2020-05-14 00:00:00,2020-08-07 00:00:00,2020-08-07 00:00:00,2020-11-04 00:00:00,,,,,,,,,,,,
AES TIETE E,N2,2020-02-27 00:00:00,2020-02-27 00:00:00,2020-02-27 00:00:00,2020-02-27 00:00:00,2020-07-31 00:00:00,2020-07-31 00:00:00,2020-07-30 00:00:00,2020-07-30 00:00:00,2020-11-16 00:00:00,,2020-05-06 00:00:00,2020-05-06 00:00:00,2020-08-05 00:00:00,2020-08-05 00:00:00,2020-11-05 00:00:00,,,,,,,,,,,,
ALIANSCSONAE,NM,2020-03-11 00:00:00,2020-03-11 00:00:00,2020-03-11 00:00:00,2020-03-11 00:00:00,2020-04-30 00:00:00,2020-04-30 00:00:00,2020-06-30 00:00:00,2020-06-30 00:00:00,,,2020-05-20 00:00:00,2020-05-20 00:00:00,2020-08-12 00:00:00,2020-08-12 00:00:00,2020-11-11 00:00:00,,2020-03-12 00:00:00,,2020-05-21 00:00:00,2020-05-21 00:00:00,2020-08-13 00:00:00,2020-08-13 00:00:00,2020-11-12 00:00:00,,,,
ALLIAR,NM,2020-03-17 00:00:00,2020-03-17 00:00:00,2020-03-17 00:00:00,2020-03-17 00:00:00,2020-04-27 00:00:00,2020-04-27 00:00:00,2020-07-31 00:00:00,2020-07-31 00:00:00,,,2020-05-19 00:00:00,2020-05-19 00:00:00,2020-08-20 00:00:00,2020-08-20 00:00:00,2020-11-12 00:00:00,,2020-03-18 00:00:00,,2020-05-13 00:00:00,2020-05-20 00:00:00,2020-08-21 00:00:00,2020-08-21 00:00:00,2020-11-13 00:00:00,,,,
ALPARGATAS,N1,2020-02-07 00:00:00,2020-02-07 00:00:00,2020-02-07 00:00:00,2020-02-07 00:00:00,2020-04-30 00:00:00,2020-04-30 00:00:00,2020-06-05 00:00:00,2020-06-05 00:00:00,2020-12-01 00:00:00,,2020-05-05 00:00:00,2020-05-05 00:00:00,2020-08-04 00:00:00,2020-08-04 00:00:00,2020-11-04 00:00:00,,,,,,,,,,,,
ALPER S.A.,NM,2020-03-26 00:00:00,2020-03-26 00:00:00,2020-03-26 00:00:00,2020-03-26 00:00:00,2020-06-15 00:00:00,2020-06-15 00:00:00,2020-06-25 00:00:00,2020-06-25 00:00:00,,,2020-05-07 00:00:00,2020-05-07 00:00:00,2020-08-13 00:00:00,2020-08-13 00:00:00,2020-11-04 00:00:00,,2020-03-27 00:00:00,,2020-05-08 00:00:00,2020-05-08 00:00:00,2020-08-14 00:00:00,2020-08-14 00:00:00,2020-11-05 00:00:00,,,,
ALUPAR,N2,2020-03-11 00:00:00,2020-03-11 00:00:00,2020-03-11 00:00:00,2020-03-11 00:00:00,2020-04-27 00:00:00,2020-04-27 00:00:00,2020-07-31 00:00:00,2020-07-31 00:00:00,2020-12-08 00:00:00,,2020-06-01 00:00:00,2020-06-01 00:00:00,2020-08-12 00:00:00,2020-08-12 00:00:00,2020-11-11 00:00:00,,,,,,,,,,,,
AMBIPAR,NM,2020-02-20 00:00:00,2020-02-20 00:00:00,2020-02-20 00:00:00,2020-02-20 00:00:00,2020-06-18 00:00:00,2020-06-18 00:00:00,2020-04-30 00:00:00,2020-04-30 00:00:00,,,2020-05-13 00:00:00,2020-05-13 00:00:00,2020-08-10 00:00:00,2020-08-10 00:00:00,2020-11-11 00:00:00,,2020-02-20 00:00:00,,2020-05-13 00:00:00,,2020-08-11 00:00:00,,2020-11-12 00:00:00,,,,
ANIMA,NM,2020-03-11 00:00:00,2020-03-11 00:00:00,2020-03-11 00:00:00,2020-03-11 00:00:00,2020-04-24 00:00:00,2020-04-29 00:00:00,2020-07-31 00:00:00,2020-07-31 00:00:00,,,2020-05-14 00:00:00,2020-05-14 00:00:00,2020-08-13 00:00:00,2020-08-13 00:00:00,2020-11-12 00:00:00,,2020-03-11 00:00:00,,2020-05-15 00:00:00,2020-05-14 00:00:00,2020-08-14 00:00:00,2020-05-14 00:00:00,2020-11-13 00:00:00,,,,
AREZZO CO,NM,2020-03-04 00:00:00,2020-03-04 00:00:00,2020-03-04 00:00:00,2020-03-04 00:00:00,2020-04-30 00:00:00,2020-04-30 00:00:00,2020-06-30 00:00:00,2020-06-30 00:00:00,,,2020-05-27 00:00:00,2020-05-27 00:00:00,2020-08-13 00:00:00,2020-08-13 00:00:00,2020-10-29 00:00:00,,2020-03-05 00:00:00,,2020-05-28 00:00:00,2020-05-28 00:00:00,2020-08-14 00:00:00,2020-05-28 00:00:00,2020-10-30 00:00:00,,,,
ATMASA,NM,2020-03-19 00:00:00,2020-03-19 00:00:00,2020-03-19 00:00:00,2020-03-19 00:00:00,2020-04-30 00:00:00,2020-04-30 00:00:00,2020-07-31 00:00:00,2020-08-01 00:00:00,,,2020-06-29 00:00:00,2020-06-29 00:00:00,2020-08-27 00:00:00,2020-08-27 00:00:00,2020-11-16 00:00:00,,2020-03-20 00:00:00,,2020-06-30 00:00:00,2020-06-30 00:00:00,2020-08-28 00:00:00,2020-06-30 00:00:00,2020-11-17 00:00:00,,,,
AZUL,N2,2020-03-12 00:00:00,2020-03-12 00:00:00,2020-03-12 00:00:00,2020-03-12 00:00:00,2020-04-29 00:00:00,2020-04-29 00:00:00,2020-05-29 00:00:00,2020-05-29 00:00:00,2020-12-16 00:00:00,,2020-05-14 00:00:00,2020-05-14 00:00:00,2020-08-13 00:00:00,2020-08-13 00:00:00,2020-11-05 00:00:00,,,,,,,,,,,,
B2W DIGITAL,NM,2020-02-20 00:00:00,2020-02-20 00:00:00,2020-02-20 00:00:00,2020-02-20 00:00:00,2020-04-30 00:00:00,2020-04-30 00:00:00,2020-05-29 00:00:00,2020-05-29 00:00:00,,,2020-05-07 00:00:00,2020-05-07 00:00:00,2020-08-13 00:00:00,2020-08-13 00:00:00,2020-10-29 00:00:00,,2020-02-21 00:00:00,,2020-05-08 00:00:00,2020-05-08 00:00:00,2020-08-14 00:00:00,2020-08-14 00:00:00,2020-10-30 00:00:00,,,,
B3,NM,2020-03-05 00:00:00,2020-03-05 00:00:00,2020-03-05 00:00:00,2020-03-05 00:00:00,2020-04-30 00:00:00,2020-04-30 00:00:00,2020-05-29 00:00:00,2020-05-29 00:00:00,,,2020-05-14 00:00:00,2020-05-14 00:00:00,2020-08-13 00:00:00,2020-08-13 00:00:00,2020-11-12 00:00:00,,2020-03-06 00:00:00,,2020-05-15 00:00:00,2020-05-14 00:00:00,2020-08-14 00:00:00,2020-08-13 00:00:00,2020-11-13 00:00:00,,,,
BAHEMA,MA,2020-03-30 00:00:00,2020-03-30 00:00:00,2020-03-30 00:00:00,2020-03-30 00:00:00,2020-04-30 00:00:00,2020-04-30 00:00:00,2020-05-31 00:00:00,2020-05-31 00:00:00,,,2020-05-22 00:00:00,2020-05-22 00:00:00,2020-08-28 00:00:00,2020-08-28 00:00:00,2020-11-13 00:00:00,,,,,,,,,,,,
BANCO BMG,N1,2020-02-13 00:00:00,2020-02-13 00:00:00,2020-02-13 00:00:00,2020-02-13 00:00:00,2020-04-30 00:00:00,2020-04-30 00:00:00,2020-06-30 00:00:00,2020-06-30 00:00:00,2020-02-14 00:00:00,2020-02-13 00:00:00,2020-05-07 00:00:00,2020-05-07 00:00:00,2020-08-06 00:00:00,2020-08-06 00:00:00,2020-11-05 00:00:00,,,,,,,,,,,,
BANCO INTER,N2,2020-02-12 00:00:00,2020-02-12 00:00:00,2020-02-12 00:00:00,2020-02-12 00:00:00,2020-04-30 00:00:00,2020-04-30 00:00:00,2020-07-31 00:00:00,2020-07-31 00:00:00,2020-12-01 00:00:00,,2020-05-19 00:00:00,2020-05-19 00:00:00,2020-08-13 00:00:00,2020-08-13 00:00:00,2020-11-12 00:00:00,,,,,,,,,,,,
BANCO PAN,N1,2020-02-05 00:00:00,2020-02-05 00:00:00,2020-02-05 00:00:00,2020-02-05 00:00:00,2020-04-30 00:00:00,2020-04-30 00:00:00,2020-06-05 00:00:00,2020-06-05 00:00:00,2020-11-01 00:00:00,,2020-05-06 00:00:00,2020-05-06 00:00:00,2020-08-04 00:00:00,2020-08-04 00:00:00,2020-11-04 00:00:00,,,,,,,,,,,,
BANRISUL,N1,2020-02-11 00:00:00,2020-02-11 00:00:00,2020-02-11 00:00:00,2020-02-11 00:00:00,2020-07-24 00:00:00,2020-07-24 00:00:00,2020-07-31 00:00:00,2020-07-01 00:00:00,2020-11-16 00:00:00,,2020-05-12 00:00:00,2020-05-12 00:00:00,2020-08-12 00:00:00,2020-08-12 00:00:00,2020-11-10 00:00:00,,,,,,,,,,,,
BBMLOGISTICA,MA,2020-02-12 00:00:00,2020-02-12 00:00:00,2020-02-12 00:00:00,2020-02-12 00:00:00,2020-05-22 00:00:00,2020-05-22 00:00:00,2020-02-14 00:00:00,2020-02-14 00:00:00,,,2020-06-26 00:00:00,2020-06-26 00:00:00,2020-08-03 00:00:00,2020-08-03 00:00:00,2020-11-13 00:00:00,,,,,,,,,,,,
BBSEGURIDADE,NM,2020-02-10 00:00:00,2020-02-10 00:00:00,2020-02-10 00:00:00,2020-02-10 00:00:00,2020-07-29 00:00:00,2020-07-29 00:00:00,2020-05-29 00:00:00,2020-05-29 00:00:00,,,2020-05-04 00:00:00,2020-05-04 00:00:00,2020-08-03 00:00:00,2020-08-03 00:00:00,2020-11-03 00:00:00,,2020-02-10 00:00:00,,2020-05-05 00:00:00,2020-05-04 00:00:00,2020-08-03 00:00:00,2020-08-03 00:00:00,2020-11-03 00:00:00,,,,
BIOMM,MA,2020-03-27 00:00:00,2020-03-27 00:00:00,2020-03-27 00:00:00,2020-03-27 00:00:00,2020-04-30 00:00:00,2020-04-30 00:00:00,2020-07-31 00:00:00,2020-07-31 00:00:00,,,2020-05-08 00:00:00,2020-05-08 00:00:00,2020-08-07 00:00:00,2020-08-07 00:00:00,2020-11-06 00:00:00,,,,,,,,,,,,
BIOSEV,NM,2020-07-27 00:00:00,2020-07-27 00:00:00,2020-07-27 00:00:00,2020-07-27 00:00:00,2020-09-02 00:00:00,,2020-09-30 00:00:00,,,,2020-09-19 00:00:00,2020-09-18 00:00:00,2020-11-12 00:00:00,2020-09-17 00:00:00,2021-02-11 00:00:00,,2020-07-28 00:00:00,,2020-09-18 00:00:00,2020-09-17 00:00:00,2020-11-13 00:00:00,,2021-02-12 00:00:00,,,,
BK BRASIL,NM,2020-02-19 00:00:00,2020-02-19 00:00:00,2020-02-19 00:00:00,2020-02-19 00:00:00,2020-07-31 00:00:00,2020-07-31 00:00:00,2020-07-30 00:00:00,2020-07-30 00:00:00,,,2020-05-28 00:00:00,2020-05-28 00:00:00,2020-08-06 00:00:00,2020-08-06 00:00:00,2020-11-05 00:00:00,,2020-02-20 00:00:00,,2020-05-29 00:00:00,2020-05-29 00:00:00,2020-08-07 00:00:00,2020-08-07 00:00:00,2020-11-06 00:00:00,,,,
BOA VISTA,NM,2020-07-27 00:00:00,2020-07-27 00:00:00,2020-07-27 00:00:00,2020-07-27 00:00:00,2020-07-24 00:00:00,,2020-07-27 00:00:00,2020-07-27 00:00:00,,,2020-07-27 00:00:00,2020-07-27 00:00:00,2020-07-27 00:00:00,2020-07-27 00:00:00,2020-11-13 00:00:00,,2020-07-27 00:00:00,,2020-07-27 00:00:00,,2020-07-27 00:00:00,,2020-11-13 00:00:00,,,,
BR BROKERS,NM,2020-03-30 00:00:00,2020-03-30 00:00:00,2020-03-30 00:00:00,2020-03-30 00:00:00,2020-04-30 00:00:00,2020-04-30 00:00:00,2020-07-31 00:00:00,2020-07-31 00:00:00,,,2020-06-29 00:00:00,2020-06-29 00:00:00,2020-07-31 00:00:00,2020-07-31 00:00:00,2020-11-13 00:00:00,,2020-03-31 00:00:00,,2020-06-30 00:00:00,2020-06-30 00:00:00,2020-08-03 00:00:00,2020-08-03 00:00:00,2020-11-16 00:00:00,,,,
BR MALLS PAR,NM,2020-03-12 00:00:00,2020-03-12 00:00:00,2020-03-12 00:00:00,2020-03-12 00:00:00,2020-07-31 00:00:00,2020-07-02 00:00:00,2020-07-29 00:00:00,2020-07-29 00:00:00,,,2020-06-04 00:00:00,2020-06-04 00:00:00,2020-08-13 00:00:00,2020-08-13 00:00:00,2020-11-12 00:00:00,,2020-03-13 00:00:00,,2020-06-05 00:00:00,2020-06-04 00:00:00,2020-08-14 00:00:00,2020-08-19 00:00:00,2020-11-13 00:00:00,,,,
BR PROPERT,NM,2020-02-05 00:00:00,2020-02-05 00:00:00,2020-02-05 00:00:00,2020-02-05 00:00:00,2020-04-24 00:00:00,2020-04-24 00:00:00,2020-06-17 00:00:00,2020-06-17 00:00:00,,,2020-05-06 00:00:00,2020-05-06 00:00:00,2020-08-05 00:00:00,2020-08-05 00:00:00,2020-11-04 00:00:00,,2020-02-06 00:00:00,,2020-05-07 00:00:00,2020-05-07 00:00:00,2020-08-06 00:00:00,2020-08-06 00:00:00,2020-11-05 00:00:00,,,,
BRADESCO,N1,2020-02-05 00:00:00,2020-02-05 00:00:00,2020-02-05 00:00:00,2020-02-05 00:00:00,2020-03-10 00:00:00,2020-03-10 00:00:00,2020-05-29 00:00:00,2020-05-29 00:00:00,2020-11-10 00:00:00,,2020-04-30 00:00:00,2020-04-30 00:00:00,2020-07-30 00:00:00,2020-07-30 00:00:00,2020-10-28 00:00:00,,,,,,,,,,,,
BRADESPAR,N1,2020-03-26 00:00:00,2020-03-26 00:00:00,2020-03-26 00:00:00,2020-03-26 00:00:00,2020-07-28 00:00:00,2020-07-28 00:00:00,2020-05-29 00:00:00,2020-05-29 00:00:00,2020-12-01 00:00:00,,2020-05-14 00:00:00,2020-05-14 00:00:00,2020-08-13 00:00:00,2020-08-13 00:00:00,2020-11-12 00:00:00,,,,,,,,,,,,
BRASIL,NM,2020-02-13 00:00:00,2020-02-13 00:00:00,2020-02-13 00:00:00,2020-02-13 00:00:00,2020-07-30 00:00:00,2020-07-30 00:00:00,2020-06-26 00:00:00,2020-06-26 00:00:00,,,2020-05-07 00:00:00,2020-05-07 00:00:00,2020-08-06 00:00:00,2020-08-06 00:00:00,2020-11-05 00:00:00,,2020-02-14 00:00:00,,2020-05-08 00:00:00,2020-05-08 00:00:00,2020-08-07 00:00:00,2020-08-07 00:00:00,2020-11-06 00:00:00,,,,
BRASILAGRO,NM,2020-08-27 00:00:00,2020-08-27 00:00:00,2020-08-27 00:00:00,2020-08-27 00:00:00,2020-10-16 00:00:00,,2020-11-30 00:00:00,,,,2020-11-04 00:00:00,,2021-02-08 00:00:00,,2021-05-10 00:00:00,,2020-08-28 00:00:00,,2020-11-05 00:00:00,,2021-02-09 00:00:00,,2021-05-11 00:00:00,,,,
BRASKEM,N1,2020-04-03 00:00:00,2020-04-03 00:00:00,2020-04-03 00:00:00,2020-04-03 00:00:00,2020-05-29 00:00:00,2020-05-29 00:00:00,2020-07-31 00:00:00,2020-07-31 00:00:00,2020-12-01 00:00:00,,2020-06-02 00:00:00,2020-06-02 00:00:00,2020-08-05 00:00:00,2020-08-05 00:00:00,2020-11-05 00:00:00,,,,,,,,,,,,
BRF SA,NM,2020-03-03 00:00:00,2020-03-03 00:00:00,2020-03-03 00:00:00,2020-03-03 00:00:00,2020-04-27 00:00:00,2020-04-27 00:00:00,2020-06-30 00:00:00,2020-06-30 00:00:00,,,2020-05-11 00:00:00,2020-05-10 00:00:00,2020-08-12 00:00:00,2020-08-12 00:00:00,2020-11-09 00:00:00,,2020-03-03 00:00:00,,2020-05-11 00:00:00,2020-05-15 00:00:00,2020-08-13 00:00:00,2020-08-13 00:00:00,2020-11-10 00:00:00,,,,
BRQ,MA,2020-02-14 00:00:00,2020-02-14 00:00:00,2020-02-14 00:00:00,2020-02-14 00:00:00,2020-04-20 00:00:00,2020-04-20 00:00:00,2020-05-29 00:00:00,2020-05-29 00:00:00,,,2020-05-15 00:00:00,2020-05-15 00:00:00,2020-08-14 00:00:00,2020-08-14 00:00:00,2020-11-13 00:00:00,,,,,,,,,,,,
BTGP BANCO,N2,2020-02-14 00:00:00,2020-02-14 00:00:00,2020-02-14 00:00:00,2020-02-14 00:00:00,2020-04-28 00:00:00,2020-04-28 00:00:00,2020-06-22 00:00:00,2020-06-22 00:00:00,2020-11-24 00:00:00,,2020-05-12 00:00:00,2020-05-12 00:00:00,2020-08-11 00:00:00,2020-08-11 00:00:00,2020-11-10 00:00:00,,,,,,,,,,,,
CAMIL,NM,2020-05-12 00:00:00,2020-05-12 00:00:00,2020-05-12 00:00:00,2020-05-12 00:00:00,2020-06-30 00:00:00,2020-06-30 00:00:00,2020-07-31 00:00:00,2020-07-31 00:00:00,,,2020-07-07 00:00:00,2020-07-07 00:00:00,2020-10-08 00:00:00,,2021-01-07 00:00:00,,2020-05-13 00:00:00,,2020-07-08 00:00:00,2020-07-07 00:00:00,2020-10-09 00:00:00,2020-10-08 00:00:00,2021-01-08 00:00:00,,,,
CARREFOUR BR,NM,2020-02-20 00:00:00,2020-02-20 00:00:00,2020-02-20 00:00:00,2020-02-20 00:00:00,2020-04-14 00:00:00,2020-04-14 00:00:00,2020-06-15 00:00:00,2020-06-15 00:00:00,,,2020-05-11 00:00:00,2020-05-11 00:00:00,2020-07-27 00:00:00,2020-07-27 00:00:00,2020-11-10 00:00:00,,2020-02-21 00:00:00,,2020-05-12 00:00:00,2020-05-12 00:00:00,2020-07-28 00:00:00,2020-07-28 00:00:00,2020-11-11 00:00:00,,,,
CCR SA,NM,2020-03-05 00:00:00,2020-03-05 00:00:00,2020-03-05 00:00:00,2020-03-05 00:00:00,2020-04-09 00:00:00,2020-04-09 00:00:00,2020-06-12 00:00:00,2020-06-12 00:00:00,,,2020-05-14 00:00:00,2020-05-14 00:00:00,2020-08-14 00:00:00,2020-08-13 00:00:00,2020-11-11 00:00:00,,2020-03-06 00:00:00,,2020-05-15 00:00:00,2020-05-14 00:00:00,2020-08-17 00:00:00,2020-08-13 00:00:00,2020-11-12 00:00:00,,,,
CEA MODAS,NM,2020-03-19 00:00:00,2020-03-19 00:00:00,2020-03-19 00:00:00,2020-03-19 00:00:00,2020-06-26 00:00:00,2020-06-26 00:00:00,2020-07-10 00:00:00,2020-07-10 00:00:00,,,2020-05-27 00:00:00,2020-05-27 00:00:00,2020-08-19 00:00:00,2020-08-19 00:00:00,2020-11-12 00:00:00,,2020-03-20 00:00:00,,2020-05-28 00:00:00,2020-05-28 00:00:00,2020-08-20 00:00:00,2020-08-20 00:00:00,2020-11-13 00:00:00,,,,
CEDRO,N1,2020-03-27 00:00:00,2020-03-27 00:00:00,2020-03-27 00:00:00,2020-03-27 00:00:00,2020-07-31 00:00:00,2020-07-31 00:00:00,2020-07-31 00:00:00,2020-07-31 00:00:00,2020-11-17 00:00:00,,2020-06-29 00:00:00,2020-06-29 00:00:00,2020-08-14 00:00:00,2020-08-14 00:00:00,2020-11-13 00:00:00,,,,,,,,,,,,
CEEE-D,N1,2020-03-30 00:00:00,2020-03-30 00:00:00,2020-03-30 00:00:00,2020-03-30 00:00:00,2020-04-30 00:00:00,2020-04-30 00:00:00,2020-05-29 00:00:00,2020-05-29 00:00:00,2020-12-09 00:00:00,,2020-05-15 00:00:00,2020-05-15 00:00:00,2020-08-14 00:00:00,2020-08-14 00:00:00,2020-11-13 00:00:00,,,,,,,,,,,,
CEEE-GT,N1,2020-03-30 00:00:00,2020-03-30 00:00:00,2020-03-30 00:00:00,2020-03-30 00:00:00,2020-04-30 00:00:00,2020-04-30 00:00:00,2020-05-29 00:00:00,2020-05-29 00:00:00,2020-12-09 00:00:00,,2020-05-15 00:00:00,2020-05-15 00:00:00,2020-08-14 00:00:00,2020-08-14 00:00:00,2020-11-13 00:00:00,,,,,,,,,,,,
CELESC,N2,2020-03-27 00:00:00,2020-03-27 00:00:00,2020-03-27 00:00:00,2020-03-27 00:00:00,2020-04-28 00:00:00,2020-04-28 00:00:00,2020-07-20 00:00:00,2020-07-20 00:00:00,2020-05-29 00:00:00,2020-05-29 00:00:00,2020-05-08 00:00:00,2020-05-08 00:00:00,2020-08-14 00:00:00,2020-08-14 00:00:00,2020-11-13 00:00:00,,,,,,,,,,,,
CEMIG,N1,2020-03-19 00:00:00,2020-03-19 00:00:00,2020-03-19 00:00:00,2020-03-19 00:00:00,2020-07-31 00:00:00,2020-07-31 00:00:00,2020-07-22 00:00:00,2020-07-22 00:00:00,2020-09-15 00:00:00,15/09/22020,2020-05-15 00:00:00,2020-05-15 00:00:00,2020-08-14 00:00:00,2020-08-14 00:00:00,2020-11-13 00:00:00,,,,,,,,,,,,
CENTAURO,NM,2020-03-18 00:00:00,2020-03-18 00:00:00,2020-03-18 00:00:00,2020-03-18 00:00:00,2020-04-30 00:00:00,2020-04-30 00:00:00,2020-05-26 00:00:00,2020-05-26 00:00:00,,,2020-06-29 00:00:00,2020-06-29 00:00:00,2020-08-13 00:00:00,2020-08-13 00:00:00,2020-11-12 00:00:00,,2020-03-19 00:00:00,,2020-06-30 00:00:00,2020-06-30 00:00:00,2020-08-14 00:00:00,2020-08-14 00:00:00,2020-11-13 00:00:00,,,,
CESP,N1,2020-02-17 00:00:00,2020-02-17 00:00:00,2020-02-17 00:00:00,2020-02-17 00:00:00,2020-03-30 00:00:00,2020-03-30 00:00:00,2020-05-28 00:00:00,2020-05-28 00:00:00,2020-10-29 00:00:00,,2020-04-29 00:00:00,2020-04-29 00:00:00,2020-07-29 00:00:00,2020-07-29 00:00:00,2020-10-28 00:00:00,,,,,,,,,,,,
CIA HERING,NM,2020-03-05 00:00:00,2020-03-05 00:00:00,2020-03-05 00:00:00,2020-03-05 00:00:00,2020-04-27 00:00:00,2020-04-27 00:00:00,2020-07-06 00:00:00,2020-07-06 00:00:00,,,2020-05-28 00:00:00,2020-05-28 00:00:00,2020-08-13 00:00:00,2020-08-13 00:00:00,2020-11-04 00:00:00,,2020-03-06 00:00:00,,2020-05-29 00:00:00,2020-05-29 00:00:00,2020-08-14 00:00:00,2020-08-14 00:00:00,2020-11-05 00:00:00,,,,
CIELO,NM,2020-01-27 00:00:00,2020-01-27 00:00:00,2020-01-27 00:00:00,2020-01-27 00:00:00,2020-07-24 00:00:00,2020-07-24 00:00:00,2020-07-28 00:00:00,2020-07-28 00:00:00,,,2020-04-28 00:00:00,2020-04-28 00:00:00,2020-07-28 00:00:00,2020-07-28 00:00:00,2020-10-27 00:00:00,,2020-01-28 00:00:00,,2020-04-29 00:00:00,2020-04-29 00:00:00,2020-07-29 00:00:00,2020-07-29 00:00:00,2020-10-28 00:00:00,,,,
CINESYSTEM,MA,2020-03-27 00:00:00,2020-03-27 00:00:00,2020-03-27 00:00:00,2020-03-27 00:00:00,2020-04-28 00:00:00,2020-04-28 00:00:00,2020-06-30 00:00:00,2020-06-30 00:00:00,,,2020-06-05 00:00:00,2020-06-05 00:00:00,2020-08-28 00:00:00,2020-08-28 00:00:00,2020-11-13 00:00:00,,,,,,,,,,,,
COGNA ON,NM,2020-03-30 00:00:00,2020-03-30 00:00:00,2020-03-30 00:00:00,2020-03-30 00:00:00,2020-07-29 00:00:00,2020-07-29 00:00:00,2020-07-31 00:00:00,2020-07-31 00:00:00,,,2020-05-22 00:00:00,2020-05-21 00:00:00,2020-08-20 00:00:00,2020-08-20 00:00:00,2020-11-13 00:00:00,,2020-03-31 00:00:00,,2020-05-21 00:00:00,2020-05-22 00:00:00,2020-08-21 00:00:00,2020-08-21 00:00:00,2020-11-13 00:00:00,,,,
COPASA,NM,2020-03-19 00:00:00,2020-03-19 00:00:00,2020-03-19 00:00:00,2020-03-19 00:00:00,2020-04-29 00:00:00,2020-04-29 00:00:00,2020-07-24 00:00:00,2020-07-24 00:00:00,,,2020-04-30 00:00:00,2020-04-30 00:00:00,2020-07-30 00:00:00,2020-07-30 00:00:00,2020-10-30 00:00:00,,2020-03-23 00:00:00,,2020-05-15 00:00:00,2020-05-15 00:00:00,2020-08-03 00:00:00,2020-08-03 00:00:00,2020-11-05 00:00:00,,,,
COPEL,N1,2020-03-25 00:00:00,2020-03-25 00:00:00,2020-03-25 00:00:00,2020-03-25 00:00:00,2020-04-28 00:00:00,2020-04-28 00:00:00,2020-05-29 00:00:00,2020-05-29 00:00:00,2020-10-16 00:00:00,,2020-05-14 00:00:00,2020-05-14 00:00:00,2020-08-13 00:00:00,2020-08-13 00:00:00,2020-11-12 00:00:00,,,,,,,,,,,,
COSAN,NM,2020-02-14 00:00:00,2020-02-14 00:00:00,2020-02-14 00:00:00,2020-02-14 00:00:00,2020-07-29 00:00:00,2020-07-29 00:00:00,2020-07-31 00:00:00,2020-07-31 00:00:00,,,2020-05-29 00:00:00,2020-05-29 00:00:00,2020-08-10 00:00:00,2020-08-10 00:00:00,2020-11-13 00:00:00,,2020-02-17 00:00:00,,2020-05-12 00:00:00,2020-06-01 00:00:00,2020-08-11 00:00:00,2020-08-11 00:00:00,2020-11-16 00:00:00,,,,
COSAN LOG,NM,2020-02-17 00:00:00,2020-02-17 00:00:00,2020-02-17 00:00:00,2020-02-17 00:00:00,2020-07-29 00:00:00,2020-07-29 00:00:00,2020-07-31 00:00:00,2020-07-31 00:00:00,,,2020-05-28 00:00:00,2020-05-28 00:00:00,2020-08-14 00:00:00,2020-08-14 00:00:00,2020-11-12 00:00:00,,2020-02-17 00:00:00,,2020-05-05 00:00:00,2020-05-28 00:00:00,2020-08-14 00:00:00,2020-08-14 00:00:00,2020-11-12 00:00:00,,,,
CPFL ENERGIA,NM,2020-03-09 00:00:00,2020-03-09 00:00:00,2020-03-09 00:00:00,2020-03-09 00:00:00,2020-07-31 00:00:00,2020-07-27 00:00:00,2020-05-22 00:00:00,2020-05-22 00:00:00,,,2020-05-14 00:00:00,2020-05-14 00:00:00,2020-08-13 00:00:00,2020-08-13 00:00:00,2020-11-12 00:00:00,,2020-03-10 00:00:00,,2020-05-15 00:00:00,2020-05-15 00:00:00,2020-08-14 00:00:00,2020-08-14 00:00:00,2020-11-13 00:00:00,,,,
CPFL RENOVAV,NM,2020-03-09 00:00:00,2020-03-09 00:00:00,2020-03-09 00:00:00,2020-03-09 00:00:00,2020-06-25 00:00:00,2020-06-25 00:00:00,2020-05-29 00:00:00,2020-05-29 00:00:00,,,2020-05-14 00:00:00,2020-05-14 00:00:00,2020-08-13 00:00:00,2020-08-13 00:00:00,2020-11-12 00:00:00,,2020-03-10 00:00:00,,2020-05-15 00:00:00,2020-05-15 00:00:00,2020-08-14 00:00:00,,2020-11-13 00:00:00,,,,
CR2,NM,2020-03-27 00:00:00,2020-03-27 00:00:00,2020-03-27 00:00:00,2020-03-27 00:00:00,2020-04-29 00:00:00,2020-04-30 00:00:00,2020-05-27 00:00:00,2020-05-29 00:00:00,,,2020-06-16 00:00:00,2020-06-16 00:00:00,2020-08-12 00:00:00,2020-08-24 00:00:00,2020-11-12 00:00:00,,2020-03-30 00:00:00,,2020-05-14 00:00:00,2020-06-17 00:00:00,2020-08-13 00:00:00,2020-08-25 00:00:00,2020-11-13 00:00:00,,,,
CSU CARDSYST,NM,2020-03-11 00:00:00,2020-03-11 00:00:00,2020-03-11 00:00:00,2020-03-11 00:00:00,2020-04-29 00:00:00,2020-04-29 00:00:00,2020-05-28 00:00:00,2020-05-28 00:00:00,,,2020-05-06 00:00:00,2020-05-06 00:00:00,2020-08-12 00:00:00,2020-08-12 00:00:00,2020-11-12 00:00:00,,2020-03-12 00:00:00,,2020-05-07 00:00:00,2020-05-06 00:00:00,2020-08-13 00:00:00,2020-08-12 00:00:00,2020-11-13 00:00:00,,,,
CTC S.A.,MA,2020-06-19 00:00:00,2020-06-19 00:00:00,2020-06-19 00:00:00,2020-06-19 00:00:00,2020-07-23 00:00:00,2020-07-23 00:00:00,2020-10-22 00:00:00,,,,2020-08-14 00:00:00,2020-08-14 00:00:00,2020-10-22 00:00:00,2020-08-14 00:00:00,2021-02-12 00:00:00,,,,,,,,,,,,
CVC BRASIL,NM,2020-07-31 00:00:00,2020-08-03 00:00:00,2020-07-31 00:00:00,2020-08-03 00:00:00,2020-10-09 00:00:00,,2020-09-09 00:00:00,,,,2020-09-30 00:00:00,2020-09-30 00:00:00,2020-10-26 00:00:00,,2020-11-16 00:00:00,,2020-08-03 00:00:00,,2020-10-01 00:00:00,2020-10-01 00:00:00,2020-10-27 00:00:00,,2020-11-17 00:00:00,,,,
CYRE COM-CCP,NM,2020-02-17 00:00:00,2020-02-17 00:00:00,2020-02-17 00:00:00,2020-02-17 00:00:00,2020-04-30 00:00:00,2020-04-30 00:00:00,2020-07-31 00:00:00,2020-07-31 00:00:00,,,2020-05-15 00:00:00,2020-05-07 00:00:00,2020-08-06 00:00:00,2020-08-06 00:00:00,2020-11-13 00:00:00,,2020-02-18 00:00:00,,2020-05-08 00:00:00,2020-05-08 00:00:00,2020-08-07 00:00:00,2020-08-07 00:00:00,2020-11-11 00:00:00,,,,
CYRELA REALT,NM,2020-03-19 00:00:00,2020-03-19 00:00:00,2020-03-19 00:00:00,2020-03-19 00:00:00,2020-07-23 00:00:00,2020-07-23 00:00:00,2020-07-31 00:00:00,2020-07-30 00:00:00,,,2020-05-14 00:00:00,2020-05-14 00:00:00,2020-08-13 00:00:00,2020-08-13 00:00:00,2020-11-12 00:00:00,,2020-03-20 00:00:00,,2020-05-15 00:00:00,2020-05-14 00:00:00,2020-08-14 00:00:00,2020-08-13 00:00:00,2020-11-13 00:00:00,,,,
D1000VFARMA,NM,2020-07-16 00:00:00,2020-07-16 00:00:00,2020-07-16 00:00:00,2020-07-16 00:00:00,2020-03-03 00:00:00,2020-03-03 00:00:00,2020-07-16 00:00:00,2020-07-16 00:00:00,,,2020-07-16 00:00:00,2020-07-16 00:00:00,2020-08-16 00:00:00,2020-08-17 00:00:00,2020-11-04 00:00:00,,2020-07-17 00:00:00,,2020-07-17 00:00:00,,2020-08-17 00:00:00,2020-08-17 00:00:00,2020-11-05 00:00:00,,,,
DIRECIONAL,NM,2020-03-09 00:00:00,2020-03-09 00:00:00,2020-03-09 00:00:00,2020-03-09 00:00:00,2020-05-25 00:00:00,2020-05-25 00:00:00,2020-06-01 00:00:00,2020-06-01 00:00:00,,2020-01-13 00:00:00,2020-05-12 00:00:00,2020-05-14 00:00:00,2020-08-14 00:00:00,2020-08-14 00:00:00,2020-11-09 00:00:00,,2020-03-10 00:00:00,,2020-05-13 00:00:00,2020-05-15 00:00:00,2020-08-17 00:00:00,2020-08-17 00:00:00,2020-11-10 00:00:00,,,,
DURATEX,NM,2020-02-12 00:00:00,2020-02-12 00:00:00,2020-02-12 00:00:00,2020-02-12 00:00:00,2020-04-30 00:00:00,2020-04-30 00:00:00,2020-05-29 00:00:00,2020-05-29 00:00:00,,,2020-05-06 00:00:00,2020-05-06 00:00:00,2020-07-29 00:00:00,2020-07-29 00:00:00,2020-10-30 00:00:00,,2020-02-13 00:00:00,,2020-05-07 00:00:00,2020-05-07 00:00:00,2020-07-30 00:00:00,2020-07-30 00:00:00,2020-11-03 00:00:00,,,,
ECORODOVIAS,NM,2020-02-18 00:00:00,2020-02-18 00:00:00,2020-02-18 00:00:00,2020-02-18 00:00:00,2020-04-16 00:00:00,2020-04-16 00:00:00,2020-06-05 00:00:00,2020-06-05 00:00:00,,2020-01-15 00:00:00,2020-06-29 00:00:00,2020-06-29 00:00:00,2020-07-29 00:00:00,2020-07-29 00:00:00,2020-11-04 00:00:00,,2020-02-19 00:00:00,,2020-06-30 00:00:00,2020-06-30 00:00:00,2020-07-30 00:00:00,2020-08-14 00:00:00,2020-11-05 00:00:00,,,,
ELETROBRAS,N1,2020-03-27 00:00:00,2020-03-27 00:00:00,2020-03-27 00:00:00,2020-03-27 00:00:00,2020-07-29 00:00:00,2020-07-29 00:00:00,2020-06-25 00:00:00,2020-06-25 00:00:00,2020-11-13 00:00:00,,2020-05-28 00:00:00,2020-05-28 00:00:00,2020-08-12 00:00:00,2020-08-12 00:00:00,2020-11-11 00:00:00,,,,,,,,,,,,
EMBRAER,NM,2020-03-26 00:00:00,2020-03-26 00:00:00,2020-03-26 00:00:00,2020-03-26 00:00:00,2020-04-29 00:00:00,2020-04-30 00:00:00,2020-07-31 00:00:00,2020-07-31 00:00:00,,,2020-06-01 00:00:00,2020-06-01 00:00:00,2020-07-30 00:00:00,2020-08-05 00:00:00,2020-11-10 00:00:00,,2020-03-26 00:00:00,,2020-06-01 00:00:00,2020-06-01 00:00:00,2020-08-05 00:00:00,2020-08-05 00:00:00,2020-11-10 00:00:00,,,,
ENAUTA PART,NM,2020-03-11 00:00:00,2020-03-11 00:00:00,2020-03-11 00:00:00,2020-03-11 00:00:00,2020-06-24 00:00:00,2020-06-24 00:00:00,2020-07-16 00:00:00,2020-07-16 00:00:00,,,2020-05-13 00:00:00,2020-05-13 00:00:00,2020-08-05 00:00:00,2020-08-05 00:00:00,2020-11-11 00:00:00,,2020-03-12 00:00:00,,2020-05-14 00:00:00,2020-05-14 00:00:00,2020-08-06 00:00:00,2020-08-06 00:00:00,2020-11-12 00:00:00,,,,
ENERGIAS BR,NM,2020-02-18 00:00:00,2020-02-18 00:00:00,2020-02-18 00:00:00,2020-02-18 00:00:00,2020-03-31 00:00:00,2020-03-31 00:00:00,2020-07-06 00:00:00,2020-07-06 00:00:00,,,2020-05-05 00:00:00,2020-05-05 00:00:00,2020-08-28 00:00:00,2020-08-28 00:00:00,2020-10-28 00:00:00,,2020-02-19 00:00:00,,2020-05-06 00:00:00,2020-05-06 00:00:00,2020-08-31 00:00:00,2020-08-31 00:00:00,2020-10-29 00:00:00,,,,
ENERGISA,N2,2020-03-12 00:00:00,2020-03-12 00:00:00,2020-03-12 00:00:00,2020-03-12 00:00:00,2020-04-28 00:00:00,2020-04-28 00:00:00,2020-06-05 00:00:00,2020-06-04 00:00:00,2020-10-06 00:00:00,,2020-05-14 00:00:00,2020-05-14 00:00:00,2020-08-13 00:00:00,2020-08-13 00:00:00,2020-11-12 00:00:00,,2020-05-29 00:00:00,,,,,,,,,,
ENEVA,NM,2020-03-23 00:00:00,2020-03-23 00:00:00,2020-03-23 00:00:00,2020-03-23 00:00:00,2020-04-29 00:00:00,2020-04-29 00:00:00,2020-07-31 00:00:00,2020-07-31 00:00:00,,,2020-05-14 00:00:00,2020-05-15 00:00:00,2020-08-11 00:00:00,2020-08-11 00:00:00,2020-11-12 00:00:00,,2020-03-24 00:00:00,,2020-05-18 00:00:00,2020-05-18 00:00:00,2020-08-12 00:00:00,2020-08-12 00:00:00,2020-11-13 00:00:00,,,,
ENGIE BRASIL,NM,2020-02-18 00:00:00,2020-02-18 00:00:00,2020-02-18 00:00:00,2020-02-18 00:00:00,2020-04-28 00:00:00,2020-04-28 00:00:00,2020-05-29 00:00:00,2020-05-29 00:00:00,,2020-01-16 00:00:00,2020-06-24 00:00:00,2020-06-24 00:00:00,2020-07-30 00:00:00,2020-07-30 00:00:00,2020-11-05 00:00:00,,2020-02-19 00:00:00,,2020-06-25 00:00:00,2020-06-24 00:00:00,2020-07-31 00:00:00,2020-07-30 00:00:00,2020-11-06 00:00:00,,,,
EQUATORIAL,NM,2020-05-22 00:00:00,2020-05-22 00:00:00,2020-05-22 00:00:00,2020-05-22 00:00:00,2020-07-08 00:00:00,2020-07-08 00:00:00,2020-07-31 00:00:00,2020-07-31 00:00:00,,,2020-06-29 00:00:00,2020-06-29 00:00:00,2020-08-13 00:00:00,2020-08-13 00:00:00,2020-11-13 00:00:00,,2020-05-25 00:00:00,,2020-06-30 00:00:00,2020-06-30 00:00:00,2020-08-17 00:00:00,2020-08-17 00:00:00,2020-11-16 00:00:00,,,,
ESTAPAR,NM,2020-05-14 00:00:00,2020-05-14 00:00:00,2020-05-14 00:00:00,2020-05-14 00:00:00,2020-05-05 00:00:00,2020-05-05 00:00:00,2020-05-14 00:00:00,2020-05-14 00:00:00,,,2020-06-29 00:00:00,2020-06-29 00:00:00,2020-08-13 00:00:00,2020-08-13 00:00:00,2020-11-10 00:00:00,,2020-05-14 00:00:00,,2020-06-30 00:00:00,2020-06-30 00:00:00,2020-08-14 00:00:00,2020-08-14 00:00:00,2020-11-12 00:00:00,,,,
ETERNIT,NM,2020-03-25 00:00:00,2020-03-25 00:00:00,2020-03-25 00:00:00,2020-03-25 00:00:00,2020-04-28 00:00:00,2020-04-28 00:00:00,2020-07-29 00:00:00,2020-07-29 00:00:00,,,2020-05-28 00:00:00,2020-05-28 00:00:00,2020-08-11 00:00:00,2020-08-11 00:00:00,2020-11-10 00:00:00,,2020-03-26 00:00:00,,2020-05-29 00:00:00,2020-05-29 00:00:00,2020-08-12 00:00:00,2020-08-12 00:00:00,2020-11-11 00:00:00,,,,
EUCATEX,N1,2020-03-25 00:00:00,2020-03-25 00:00:00,2020-03-25 00:00:00,2020-03-25 00:00:00,2020-07-31 00:00:00,2020-07-31 00:00:00,2020-07-31 00:00:00,2020-08-03 00:00:00,2020-11-12 00:00:00,,2020-06-24 00:00:00,2020-06-24 00:00:00,2020-08-26 00:00:00,2020-08-26 00:00:00,2020-11-11 00:00:00,,2020-03-04 00:00:00,,2020-05-18 00:00:00,,2020-08-17 00:00:00,,2020-11-16 00:00:00,,,,
EVEN,NM,2020-03-30 00:00:00,2020-03-30 00:00:00,2020-03-30 00:00:00,2020-03-30 00:00:00,2020-04-30 00:00:00,2020-04-30 00:00:00,2020-06-30 00:00:00,2020-06-30 00:00:00,,,2020-05-15 00:00:00,2020-05-15 00:00:00,2020-07-30 00:00:00,2020-07-30 00:00:00,2020-11-10 00:00:00,,2020-03-31 00:00:00,,2020-05-18 00:00:00,2020-05-18 00:00:00,2020-07-31 00:00:00,2020-07-31 00:00:00,2020-11-11 00:00:00,,,,
EZTEC,NM,2020-03-19 00:00:00,2020-03-19 00:00:00,2020-03-19 00:00:00,2020-03-19 00:00:00,2020-04-28 00:00:00,2020-04-28 00:00:00,2020-06-05 00:00:00,2020-06-05 00:00:00,,,2020-05-14 00:00:00,2020-05-14 00:00:00,2020-08-13 00:00:00,2020-08-13 00:00:00,2020-11-12 00:00:00,,2020-03-18 00:00:00,,2020-05-15 00:00:00,2020-05-15 00:00:00,2020-08-14 00:00:00,2020-08-14 00:00:00,2020-11-13 00:00:00,,,,
FER HERINGER,NM,2020-03-31 00:00:00,2020-03-31 00:00:00,2020-03-31 00:00:00,2020-03-31 00:00:00,2020-07-31 00:00:00,2020-07-31 00:00:00,2020-07-31 00:00:00,2020-07-31 00:00:00,,,2020-06-15 00:00:00,2020-06-15 00:00:00,2020-08-28 00:00:00,2020-08-28 00:00:00,2020-11-13 00:00:00,,2020-04-03 00:00:00,,2020-06-16 00:00:00,2020-06-16 00:00:00,2020-08-31 00:00:00,2020-08-31 00:00:00,2020-11-16 00:00:00,,,,
FERBASA,N1,2020-03-03 00:00:00,2020-03-03 00:00:00,2020-03-03 00:00:00,2020-03-03 00:00:00,2020-07-28 00:00:00,2020-07-28 00:00:00,2020-07-31 00:00:00,2020-07-31 00:00:00,2020-11-17 00:00:00,,2020-05-22 00:00:00,2020-05-22 00:00:00,2020-08-13 00:00:00,2020-08-13 00:00:00,2020-11-12 00:00:00,,,,,,,,,,,,
FLEURY,NM,2020-02-19 00:00:00,2020-02-19 00:00:00,2020-02-19 00:00:00,2020-02-19 00:00:00,2020-07-31 00:00:00,2020-07-31 00:00:00,2020-07-24 00:00:00,2020-07-24 00:00:00,,,2020-05-15 00:00:00,2020-05-14 00:00:00,2020-07-30 00:00:00,2020-07-30 00:00:00,2020-10-29 00:00:00,,2020-02-20 00:00:00,,2020-04-24 00:00:00,2020-05-14 00:00:00,2020-07-31 00:00:00,2020-07-30 00:00:00,2020-10-30 00:00:00,,,,
FLEX S/A,MA,2020-03-31 00:00:00,2020-03-31 00:00:00,2020-03-31 00:00:00,2020-03-31 00:00:00,2020-04-30 00:00:00,2020-04-30 00:00:00,2020-07-31 00:00:00,2020-07-31 00:00:00,,,2020-06-19 00:00:00,2020-06-19 00:00:00,2020-08-18 00:00:00,2020-08-18 00:00:00,2020-11-14 00:00:00,,,,,,,,,,,,
FRAS-LE,N1,2020-03-04 00:00:00,2020-03-04 00:00:00,2020-03-04 00:00:00,2020-03-04 00:00:00,2020-04-08 00:00:00,2020-04-08 00:00:00,2020-06-30 00:00:00,2020-06-30 00:00:00,2020-11-12 00:00:00,,2020-06-03 00:00:00,2020-06-03 00:00:00,2020-08-12 00:00:00,2020-08-12 00:00:00,2020-11-11 00:00:00,,,,,,,,,,,,
GAFISA,NM,2020-03-26 00:00:00,2020-03-26 00:00:00,2020-03-26 00:00:00,2020-03-26 00:00:00,2020-04-30 00:00:00,2020-04-30 00:00:00,2020-05-29 00:00:00,2020-07-31 00:00:00,,,2020-05-14 00:00:00,2020-05-14 00:00:00,2020-08-11 00:00:00,2020-08-11 00:00:00,2020-11-11 00:00:00,,2020-03-26 00:00:00,,2020-05-15 00:00:00,2020-05-15 00:00:00,2020-08-12 00:00:00,2020-08-12 00:00:00,2020-11-12 00:00:00,,,,
GENERALSHOPP,NM,2020-03-30 00:00:00,2020-03-30 00:00:00,2020-03-30 00:00:00,2020-03-30 00:00:00,2020-04-30 00:00:00,2020-04-30 00:00:00,2020-05-29 00:00:00,2020-05-29 00:00:00,,,2020-05-13 00:00:00,2020-05-13 00:00:00,2020-08-13 00:00:00,2020-08-13 00:00:00,2020-11-13 00:00:00,,2020-03-31 00:00:00,,2020-05-14 00:00:00,2020-05-14 00:00:00,2020-08-14 00:00:00,2020-08-14 00:00:00,2020-11-16 00:00:00,,,,
GERDAU,N1,2020-02-19 00:00:00,2020-02-19 00:00:00,2020-02-19 00:00:00,2020-02-19 00:00:00,2020-07-20 00:00:00,2020-07-20 00:00:00,2020-05-29 00:00:00,2020-05-29 00:00:00,2020-11-11 00:00:00,,2020-05-06 00:00:00,2020-05-06 00:00:00,2020-08-05 00:00:00,2020-08-05 00:00:00,2020-10-28 00:00:00,,,,,,,,,,,,
GERDAU MET,N1,2020-02-19 00:00:00,2020-02-19 00:00:00,2020-02-19 00:00:00,2020-02-19 00:00:00,2020-07-24 00:00:00,2020-07-24 00:00:00,2020-05-29 00:00:00,2020-05-29 00:00:00,2020-11-11 00:00:00,,2020-05-06 00:00:00,2020-05-06 00:00:00,2020-08-05 00:00:00,2020-08-05 00:00:00,2020-10-28 00:00:00,,,,,,,,,,,,
GOL,N2,2020-02-28 00:00:00,2020-02-28 00:00:00,2020-02-28 00:00:00,2020-02-28 00:00:00,2020-04-16 00:00:00,2020-04-16 00:00:00,2020-07-31 00:00:00,2020-07-31 00:00:00,2020-01-09 00:00:00,2020-01-10 00:00:00,2020-06-29 00:00:00,2020-06-29 00:00:00,2020-07-31 00:00:00,2020-07-31 00:00:00,2020-10-30 00:00:00,,,,,,,,,,,,
GRENDENE,NM,2020-02-13 00:00:00,2020-02-13 00:00:00,2020-02-13 00:00:00,2020-02-13 00:00:00,2020-07-06 00:00:00,2020-07-06 00:00:00,2020-07-31 00:00:00,2020-07-31 00:00:00,,,2020-05-14 00:00:00,2020-05-14 00:00:00,2020-08-13 00:00:00,2020-08-13 00:00:00,2020-10-29 00:00:00,,2020-05-15 00:00:00,,2020-08-14 00:00:00,2020-05-15 00:00:00,2020-07-31 00:00:00,2020-08-13 00:00:00,2020-10-30 00:00:00,,,,
GRUPO MATEUS,NM,2020-08-14 00:00:00,2020-08-14 00:00:00,2020-08-14 00:00:00,2020-08-14 00:00:00,2020-04-03 00:00:00,2020-04-03 00:00:00,2020-10-20 00:00:00,2020-10-09 00:00:00,,,2020-08-14 00:00:00,2020-09-18 00:00:00,2020-08-14 00:00:00,2020-09-28 00:00:00,2020-11-11 00:00:00,,,,,,,,,,,,
GRUPO NATURA,NM,2020-03-05 00:00:00,2020-03-05 00:00:00,2020-03-05 00:00:00,2020-03-05 00:00:00,2020-04-30 00:00:00,2020-04-30 00:00:00,2020-07-31 00:00:00,2020-07-31 00:00:00,,2020-01-06 00:00:00,2020-05-07 00:00:00,2020-05-08 00:00:00,2020-08-13 00:00:00,2020-08-13 00:00:00,2020-11-12 00:00:00,,,,,,,,,,,,
GRUPO SOMA,NM,2020-02-27 00:00:00,2020-02-27 00:00:00,2020-02-27 00:00:00,2020-02-27 00:00:00,2020-04-06 00:00:00,2020-04-06 00:00:00,2020-07-30 00:00:00,2020-07-30 00:00:00,,,2020-05-05 00:00:00,2020-05-05 00:00:00,2020-08-27 00:00:00,2020-08-28 00:00:00,2020-11-04 00:00:00,,2020-02-28 00:00:00,,2020-05-06 00:00:00,,2020-08-28 00:00:00,2020-08-28 00:00:00,2020-11-05 00:00:00,,,,
HAPVIDA,NM,2020-03-25 00:00:00,2020-03-26 00:00:00,2020-03-25 00:00:00,2020-03-26 00:00:00,2020-04-28 00:00:00,2020-04-28 00:00:00,2020-06-30 00:00:00,2020-06-30 00:00:00,,,2020-05-20 00:00:00,2020-05-20 00:00:00,2020-08-13 00:00:00,2020-08-13 00:00:00,2020-11-16 00:00:00,,2020-03-26 00:00:00,,2020-05-14 00:00:00,2020-05-20 00:00:00,2020-08-14 00:00:00,2020-08-13 00:00:00,2020-11-17 00:00:00,,,,
HELBOR,NM,2020-03-31 00:00:00,2020-03-31 00:00:00,2020-03-31 00:00:00,2020-03-31 00:00:00,2020-06-30 00:00:00,2020-06-30 00:00:00,2020-07-31 00:00:00,2020-07-31 00:00:00,,,2020-06-16 00:00:00,2020-06-16 00:00:00,2020-08-13 00:00:00,2020-08-13 00:00:00,2020-11-13 00:00:00,,2020-06-17 00:00:00,,2020-05-18 00:00:00,2020-06-17 00:00:00,2020-08-14 00:00:00,2020-08-13 00:00:00,2020-11-16 00:00:00,,,,
HIDROVIAS BR,NM,2020-02-19 00:00:00,2020-02-19 00:00:00,2020-02-19 00:00:00,2020-02-19 00:00:00,2020-04-27 00:00:00,2020-04-27 00:00:00,2020-02-20 00:00:00,2020-02-20 00:00:00,,,2020-05-29 00:00:00,2020-05-29 00:00:00,2020-07-30 00:00:00,2020-07-30 00:00:00,2020-11-13 00:00:00,,,,,,,,,,,,
HYPERA,NM,2020-03-06 00:00:00,2020-03-06 00:00:00,2020-03-06 00:00:00,2020-03-06 00:00:00,2020-04-22 00:00:00,2020-04-22 00:00:00,2020-05-29 00:00:00,2020-05-29 00:00:00,,2020-01-14 00:00:00,2020-04-24 00:00:00,2020-04-24 00:00:00,2020-07-24 00:00:00,2020-07-24 00:00:00,2020-10-23 00:00:00,,2020-03-09 00:00:00,,2020-04-27 00:00:00,2020-04-27 00:00:00,2020-07-27 00:00:00,2020-07-27 00:00:00,2020-10-26 00:00:00,,,,
IGUA SA,MA,2020-03-03 00:00:00,2020-03-03 00:00:00,2020-03-03 00:00:00,2020-03-03 00:00:00,2020-05-13 00:00:00,2020-05-13 00:00:00,2020-07-24 00:00:00,2020-07-24 00:00:00,,,2020-05-26 00:00:00,2020-05-26 00:00:00,2020-08-28 00:00:00,2020-08-28 00:00:00,2020-11-13 00:00:00,,,,,,,,,,,,
IGUATEMI,NM,2020-02-18 00:00:00,2020-02-18 00:00:00,2020-02-18 00:00:00,2020-02-18 00:00:00,2020-06-25 00:00:00,2020-06-25 00:00:00,2020-07-31 00:00:00,2020-07-31 00:00:00,,,2020-05-26 00:00:00,2020-05-26 00:00:00,2020-08-04 00:00:00,2020-08-04 00:00:00,2020-11-05 00:00:00,,2020-02-19 00:00:00,,2020-05-27 00:00:00,2020-05-16 00:00:00,2020-08-05 00:00:00,2020-08-04 00:00:00,2020-11-06 00:00:00,,,,
IHPARDINI,NM,2020-03-24 00:00:00,2020-03-24 00:00:00,2020-03-24 00:00:00,2020-03-24 00:00:00,2020-04-28 00:00:00,2020-05-08 00:00:00,2020-06-30 00:00:00,2020-06-30 00:00:00,,,2020-05-18 00:00:00,2020-05-18 00:00:00,2020-08-13 00:00:00,2020-08-13 00:00:00,2020-11-05 00:00:00,,2020-03-25 00:00:00,,2020-05-19 00:00:00,2020-05-19 00:00:00,2020-08-14 00:00:00,2020-08-13 00:00:00,2020-11-06 00:00:00,,,,
IMC S/A,NM,2020-03-30 00:00:00,2020-03-30 00:00:00,2020-03-30 00:00:00,2020-03-30 00:00:00,2020-04-30 00:00:00,2020-04-30 00:00:00,2020-07-10 00:00:00,2020-07-10 00:00:00,,,2020-06-01 00:00:00,2020-06-01 00:00:00,2020-08-31 00:00:00,2020-08-31 00:00:00,2020-11-16 00:00:00,,2020-03-31 00:00:00,,2020-06-02 00:00:00,2020-06-01 00:00:00,2020-09-01 00:00:00,2020-08-31 00:00:00,2020-11-17 00:00:00,,,,
INDS ROMI,NM,2020-02-11 00:00:00,2020-02-11 00:00:00,2020-02-11 00:00:00,2020-02-11 00:00:00,2020-03-17 00:00:00,2020-03-17 00:00:00,2020-05-29 00:00:00,2020-05-29 00:00:00,,,2020-04-28 00:00:00,2020-04-28 00:00:00,2020-07-21 00:00:00,2020-07-21 00:00:00,2020-10-20 00:00:00,,2020-02-12 00:00:00,,2020-04-29 00:00:00,2020-04-30 00:00:00,2020-07-22 00:00:00,2020-07-22 00:00:00,2020-10-21 00:00:00,,,,
INDUSVAL,N2,2020-03-30 00:00:00,2020-03-30 00:00:00,2020-03-30 00:00:00,2020-03-30 00:00:00,2020-07-30 00:00:00,2020-07-30 00:00:00,2020-07-31 00:00:00,2020-07-31 00:00:00,2020-11-01 00:00:00,,2020-07-01 00:00:00,2020-07-01 00:00:00,2020-08-28 00:00:00,2020-08-28 00:00:00,2020-11-12 00:00:00,,,,,,,,,,,,
INTER SA,MA,2020-04-13 00:00:00,2020-04-14 00:00:00,2020-04-13 00:00:00,2020-04-14 00:00:00,2020-06-08 00:00:00,2020-06-08 00:00:00,2020-06-30 00:00:00,2020-07-31 00:00:00,,,2020-06-30 00:00:00,2020-06-19 00:00:00,2020-08-13 00:00:00,2020-08-28 00:00:00,2020-11-12 00:00:00,,,,,,,,,,,,
INTERMEDICA,NM,2020-02-20 00:00:00,2020-02-20 00:00:00,2020-02-20 00:00:00,2020-02-20 00:00:00,2020-03-25 00:00:00,2020-03-25 00:00:00,2020-06-30 00:00:00,2020-06-30 00:00:00,,,2020-05-06 00:00:00,2020-05-06 00:00:00,2020-08-06 00:00:00,2020-08-06 00:00:00,2020-11-16 00:00:00,,2020-02-21 00:00:00,,2020-05-07 00:00:00,2020-05-06 00:00:00,2020-08-07 00:00:00,2020-08-06 00:00:00,2020-11-17 00:00:00,,,,
IOCHP-MAXION,NM,2020-03-05 00:00:00,2020-03-05 00:00:00,2020-03-05 00:00:00,2020-03-05 00:00:00,2020-04-30 00:00:00,2020-04-30 00:00:00,2020-07-31 00:00:00,2020-07-31 00:00:00,,,2020-05-14 00:00:00,2020-05-14 00:00:00,2020-08-13 00:00:00,2020-08-13 00:00:00,2020-11-03 00:00:00,,2020-03-06 00:00:00,,2020-05-15 00:00:00,2020-05-15 00:00:00,2020-08-14 00:00:00,2020-08-14 00:00:00,2020-11-04 00:00:00,,,,
IRBBRASIL RE,NM,2020-02-18 00:00:00,2020-02-18 00:00:00,2020-02-18 00:00:00,2020-02-18 00:00:00,2020-07-31 00:00:00,2020-07-31 00:00:00,2020-07-31 00:00:00,2020-07-31 00:00:00,,,2020-06-29 00:00:00,2020-06-30 00:00:00,2020-08-28 00:00:00,2020-08-28 00:00:00,2020-11-03 00:00:00,,2020-02-19 00:00:00,,2020-06-30 00:00:00,,2020-08-31 00:00:00,,2020-11-04 00:00:00,,,,
ITAUSA,N1,2020-02-17 00:00:00,2020-02-17 00:00:00,2020-02-17 00:00:00,2020-02-17 00:00:00,2020-06-17 00:00:00,2020-06-17 00:00:00,2020-06-23 00:00:00,2020-06-23 00:00:00,2020-09-23 00:00:00,2020-09-23 00:00:00,2020-05-11 00:00:00,2020-05-11 00:00:00,2020-08-10 00:00:00,2020-08-10 00:00:00,2020-11-09 00:00:00,,,,,,,,,,,,
ITAUUNIBANCO,N1,2020-02-10 00:00:00,2020-02-10 00:00:00,2020-02-10 00:00:00,2020-02-10 00:00:00,2020-04-28 00:00:00,2020-04-28 00:00:00,2020-05-29 00:00:00,2020-05-29 00:00:00,2020-11-30 00:00:00,,2020-05-04 00:00:00,2020-05-04 00:00:00,2020-08-03 00:00:00,2020-08-03 00:00:00,2020-11-03 00:00:00,,,,,,,,,,,,
JBS,NM,2020-03-25 00:00:00,2020-03-25 00:00:00,2020-03-25 00:00:00,2020-03-25 00:00:00,2020-04-28 00:00:00,2020-04-28 00:00:00,2020-05-29 00:00:00,2020-05-29 00:00:00,,,2020-05-14 00:00:00,2020-05-14 00:00:00,2020-08-13 00:00:00,2020-08-13 00:00:00,2020-11-11 00:00:00,,2020-03-31 00:00:00,,2020-05-15 00:00:00,2020-05-15 00:00:00,2020-08-14 00:00:00,2020-08-17 00:00:00,2020-11-12 00:00:00,,,,
JHSF PART,NM,2020-02-13 00:00:00,2020-02-13 00:00:00,2020-02-13 00:00:00,2020-02-13 00:00:00,2020-04-09 00:00:00,2020-04-09 00:00:00,2020-05-31 00:00:00,2020-05-29 00:00:00,,,2020-05-14 00:00:00,2020-05-14 00:00:00,2020-08-13 00:00:00,2020-08-13 00:00:00,2020-11-05 00:00:00,,2020-02-07 00:00:00,,2020-05-15 00:00:00,2020-05-15 00:00:00,2020-08-14 00:00:00,2020-08-14 00:00:00,2020-11-06 00:00:00,,,,
JSL,NM,2020-03-30 00:00:00,2020-03-30 00:00:00,2020-03-30 00:00:00,2020-03-30 00:00:00,2020-04-30 00:00:00,2020-04-30 00:00:00,2020-06-05 00:00:00,2020-06-05 00:00:00,,,2020-05-15 00:00:00,2020-05-15 00:00:00,2020-08-13 00:00:00,2020-08-13 00:00:00,2020-11-12 00:00:00,,2020-03-31 00:00:00,,2020-05-15 00:00:00,2020-05-15 00:00:00,2020-08-14 00:00:00,2020-08-14 00:00:00,2020-11-13 00:00:00,,,,
KLABIN S/A,N2,2020-02-06 00:00:00,2020-02-06 00:00:00,2020-02-06 00:00:00,2020-02-06 00:00:00,2020-07-31 00:00:00,2020-07-31 00:00:00,2020-06-03 00:00:00,2020-06-03 00:00:00,2020-12-04 00:00:00,,2020-05-04 00:00:00,2020-05-04 00:00:00,2020-08-05 00:00:00,2020-08-05 00:00:00,2020-10-26 00:00:00,,,,,,,,,,,,
LAVVI,NM,2020-08-26 00:00:00,2020-08-26 00:00:00,2020-08-26 00:00:00,2020-08-26 00:00:00,2020-06-19 00:00:00,2020-06-19 00:00:00,2020-08-26 00:00:00,2020-08-26 00:00:00,,,2020-08-26 00:00:00,2020-08-26 00:00:00,2020-08-26 00:00:00,2020-08-26 00:00:00,2020-11-12 00:00:00,,2020-08-27 00:00:00,,2020-08-27 00:00:00,,2020-08-27 00:00:00,,2020-11-13 00:00:00,,,,
LE LIS BLANC,NM,2020-03-30 00:00:00,2020-03-31 00:00:00,2020-03-30 00:00:00,2020-03-31 00:00:00,2020-07-01 00:00:00,2020-07-01 00:00:00,2020-07-31 00:00:00,2020-07-31 00:00:00,,,2020-06-29 00:00:00,2020-06-29 00:00:00,2020-08-14 00:00:00,2020-08-14 00:00:00,2020-11-13 00:00:00,,2020-03-31 00:00:00,,2020-06-30 00:00:00,2020-06-29 00:00:00,2020-08-17 00:00:00,2020-08-14 00:00:00,2020-11-19 00:00:00,,,,
LIFEMED,MA,2020-03-18 00:00:00,2020-03-18 00:00:00,2020-03-18 00:00:00,2020-03-18 00:00:00,2020-04-17 00:00:00,2020-04-17 00:00:00,2020-06-19 00:00:00,2020-06-19 00:00:00,,,2020-05-20 00:00:00,2020-05-20 00:00:00,2020-08-31 00:00:00,2020-08-31 00:00:00,2020-11-13 00:00:00,,,,,,,,,,,,
LIGHT S/A,NM,2020-03-12 00:00:00,2020-03-12 00:00:00,2020-03-12 00:00:00,2020-03-12 00:00:00,2020-04-28 00:00:00,2020-04-28 00:00:00,2020-05-29 00:00:00,2020-05-29 00:00:00,,,2020-05-07 00:00:00,2020-05-07 00:00:00,2020-08-13 00:00:00,2020-08-13 00:00:00,2020-11-12 00:00:00,,2020-03-13 00:00:00,,2020-05-08 00:00:00,2020-05-08 00:00:00,2020-08-14 00:00:00,2020-08-14 00:00:00,2020-11-13 00:00:00,,,,
LINX,NM,2020-03-30 00:00:00,2020-03-30 00:00:00,2020-03-30 00:00:00,2020-03-30 00:00:00,2020-04-30 00:00:00,2020-04-30 00:00:00,2020-05-29 00:00:00,2020-05-29 00:00:00,,2020-01-09 00:00:00,2020-06-08 00:00:00,2020-06-08 00:00:00,2020-08-11 00:00:00,2020-08-11 00:00:00,2020-11-09 00:00:00,,2020-03-31 00:00:00,,2020-06-09 00:00:00,2020-06-09 00:00:00,2020-08-12 00:00:00,2020-08-12 00:00:00,2020-11-10 00:00:00,,,,
LOCALIZA,NM,2020-03-10 00:00:00,2020-03-10 00:00:00,2020-03-10 00:00:00,2020-03-10 00:00:00,2020-04-23 00:00:00,2020-04-23 00:00:00,2020-05-28 00:00:00,2020-05-28 00:00:00,,,2020-05-14 00:00:00,2020-05-14 00:00:00,2020-07-29 00:00:00,2020-07-29 00:00:00,2020-10-27 00:00:00,,2020-03-11 00:00:00,,2020-05-15 00:00:00,2020-05-15 00:00:00,2020-07-30 00:00:00,2020-07-30 00:00:00,2020-10-28 00:00:00,,,,
LOCAMERICA,NM,2020-03-12 00:00:00,2020-03-12 00:00:00,2020-03-12 00:00:00,2020-03-12 00:00:00,2020-06-12 00:00:00,2020-06-12 00:00:00,2020-07-08 00:00:00,2020-07-08 00:00:00,,,2020-05-20 00:00:00,2020-05-20 00:00:00,2020-08-13 00:00:00,2020-08-13 00:00:00,2020-10-26 00:00:00,,2020-03-13 00:00:00,,2020-05-21 00:00:00,2020-05-21 00:00:00,2020-08-14 00:00:00,2020-08-14 00:00:00,2020-10-27 00:00:00,,,,
LOCAWEB,NM,2020-03-25 00:00:00,2020-03-25 00:00:00,2020-03-25 00:00:00,2020-03-25 00:00:00,2020-04-30 00:00:00,2020-04-30 00:00:00,2020-07-31 00:00:00,2020-07-22 00:00:00,,,2020-05-13 00:00:00,2020-05-13 00:00:00,2020-08-12 00:00:00,2020-08-12 00:00:00,2020-05-13 00:00:00,,,,2020-05-15 00:00:00,2020-05-15 00:00:00,2020-08-14 00:00:00,2020-08-14 00:00:00,2020-11-13 00:00:00,,,,
LOG COM PROP,NM,2020-02-10 00:00:00,2020-02-10 00:00:00,2020-02-10 00:00:00,2020-02-10 00:00:00,2020-04-16 00:00:00,2020-04-16 00:00:00,2020-06-19 00:00:00,2020-06-19 00:00:00,,,2020-04-29 00:00:00,2020-04-29 00:00:00,2020-07-29 00:00:00,2020-07-29 00:00:00,2020-10-29 00:00:00,,2020-02-11 00:00:00,,2020-04-30 00:00:00,2020-04-29 00:00:00,2020-07-30 00:00:00,2020-07-29 00:00:00,2020-10-30 00:00:00,,,,
LOG-IN,NM,2020-03-16 00:00:00,2020-03-17 00:00:00,2020-03-16 00:00:00,2020-03-17 00:00:00,2020-04-22 00:00:00,2020-04-22 00:00:00,2020-05-29 00:00:00,2020-05-29 00:00:00,,,2020-05-11 00:00:00,2020-05-11 00:00:00,2020-08-10 00:00:00,2020-08-10 00:00:00,2020-11-10 00:00:00,,2020-03-17 00:00:00,,2020-05-12 00:00:00,2020-05-11 00:00:00,2020-08-11 00:00:00,2020-08-11 00:00:00,2020-11-11 00:00:00,,,,
LOJAS AMERIC,N1,2020-02-20 00:00:00,2020-02-20 00:00:00,2020-02-20 00:00:00,2020-02-20 00:00:00,2020-04-30 00:00:00,2020-04-30 00:00:00,2020-05-29 00:00:00,2020-05-29 00:00:00,2020-12-01 00:00:00,,2020-05-07 00:00:00,2020-05-07 00:00:00,2020-08-13 00:00:00,2020-08-13 00:00:00,2020-10-29 00:00:00,,,,,,,,,,,,
LOJAS MARISA,NM,2020-03-19 00:00:00,2020-03-19 00:00:00,2020-03-19 00:00:00,2020-03-19 00:00:00,2020-06-30 00:00:00,2020-06-30 00:00:00,2020-06-30 00:00:00,2020-06-30 00:00:00,,,2020-05-28 00:00:00,2020-05-28 00:00:00,2020-08-24 00:00:00,2020-08-24 00:00:00,2020-11-09 00:00:00,,2020-03-20 00:00:00,,2020-05-29 00:00:00,2020-06-01 00:00:00,2020-08-25 00:00:00,2020-08-26 00:00:00,2020-11-10 00:00:00,,,,
LOJAS RENNER,NM,2020-02-06 00:00:00,2020-02-06 00:00:00,2020-02-06 00:00:00,2020-02-06 00:00:00,2020-04-29 00:00:00,2020-04-29 00:00:00,2020-06-30 00:00:00,2020-06-30 00:00:00,,,2020-05-21 00:00:00,2020-05-21 00:00:00,2020-08-31 00:00:00,2020-08-31 00:00:00,2020-11-05 00:00:00,,2020-02-07 00:00:00,,2020-05-22 00:00:00,2020-05-22 00:00:00,2020-09-01 00:00:00,2020-09-01 00:00:00,2020-11-06 00:00:00,,,,
LOPES BRASIL,NM,2020-03-26 00:00:00,2020-03-27 00:00:00,2020-03-26 00:00:00,2020-03-27 00:00:00,2020-08-18 00:00:00,2020-08-18 00:00:00,2020-07-31 00:00:00,2020-07-31 00:00:00,,,2020-06-29 00:00:00,2020-06-29 00:00:00,2020-08-14 00:00:00,2020-08-14 00:00:00,2020-11-11 00:00:00,,2020-03-27 00:00:00,,2020-06-30 00:00:00,2020-06-30 00:00:00,2020-08-17 00:00:00,2020-08-17 00:00:00,2020-11-12 00:00:00,,,,
LUPATECH,NM,2020-03-19 00:00:00,2020-03-19 00:00:00,2020-03-19 00:00:00,2020-03-19 00:00:00,2020-07-31 00:00:00,2020-07-31 00:00:00,2020-05-29 00:00:00,2020-05-29 00:00:00,,,2020-05-14 00:00:00,2020-05-14 00:00:00,2020-08-28 00:00:00,2020-08-28 00:00:00,2020-11-12 00:00:00,,2020-03-25 00:00:00,,2020-05-20 00:00:00,2020-05-20 00:00:00,2020-09-03 00:00:00,2020-09-03 00:00:00,2020-11-19 00:00:00,,,,
M.DIASBRANCO,NM,2020-03-06 00:00:00,2020-03-06 00:00:00,2020-03-06 00:00:00,2020-03-06 00:00:00,2020-04-09 00:00:00,2020-04-09 00:00:00,2020-06-30 00:00:00,2020-06-30 00:00:00,,,2020-05-08 00:00:00,2020-05-08 00:00:00,2020-08-07 00:00:00,2020-08-07 00:00:00,2020-11-06 00:00:00,,2020-03-09 00:00:00,,2020-05-11 00:00:00,2020-05-11 00:00:00,2020-08-10 00:00:00,2020-08-12 00:00:00,2020-11-09 00:00:00,,,,
MAESTROLOC,MA,2020-03-23 00:00:00,2020-03-23 00:00:00,2020-03-23 00:00:00,2020-03-23 00:00:00,2020-04-23 00:00:00,2020-04-23 00:00:00,2020-05-26 00:00:00,2020-05-26 00:00:00,,,2020-05-12 00:00:00,2020-05-12 00:00:00,2020-08-24 00:00:00,2020-08-24 00:00:00,2020-11-12 00:00:00,,,,,,,,,,,,
MAGAZ LUIZA,NM,2020-02-17 00:00:00,2020-02-17 00:00:00,2020-02-17 00:00:00,2020-02-17 00:00:00,2020-07-27 00:00:00,2020-07-27 00:00:00,2020-07-31 00:00:00,2020-07-31 00:00:00,,,2020-05-25 00:00:00,2020-05-25 00:00:00,2020-08-17 00:00:00,2020-08-17 00:00:00,2020-11-09 00:00:00,,2020-02-20 00:00:00,,2020-05-26 00:00:00,2020-05-26 00:00:00,2020-08-18 00:00:00,2020-08-20 00:00:00,2020-11-10 00:00:00,,,,
MARCOPOLO,N2,2020-02-27 00:00:00,2020-02-27 00:00:00,2020-02-27 00:00:00,2020-02-27 00:00:00,2020-03-31 00:00:00,2020-03-31 00:00:00,2020-07-31 00:00:00,2020-07-31 00:00:00,2020-08-05 00:00:00,2020-08-05 00:00:00,2020-05-25 00:00:00,2020-05-25 00:00:00,2020-08-03 00:00:00,2020-08-03 00:00:00,2020-11-03 00:00:00,,,,,,,,,,,,
MARFRIG,NM,2020-02-19 00:00:00,2020-02-19 00:00:00,2020-02-19 00:00:00,2020-02-19 00:00:00,2020-03-30 00:00:00,2020-03-30 00:00:00,2020-07-31 00:00:00,2020-07-09 00:00:00,,,2020-05-14 00:00:00,2020-05-18 00:00:00,2020-08-12 00:00:00,2020-08-12 00:00:00,2020-11-12 00:00:00,,2020-02-20 00:00:00,,2020-05-19 00:00:00,2020-05-19 00:00:00,2020-08-13 00:00:00,2020-08-13 00:00:00,2020-11-12 00:00:00,,,,
MELNICK,NM,2020-09-03 00:00:00,2020-09-03 00:00:00,2020-09-03 00:00:00,2020-09-03 00:00:00,2020-07-30 00:00:00,2020-07-30 00:00:00,2020-09-21 00:00:00,2020-09-21 00:00:00,,,2020-07-30 00:00:00,2020-07-30 00:00:00,2020-09-03 00:00:00,2020-09-03 00:00:00,2020-11-12 00:00:00,,2020-09-03 00:00:00,,2020-07-30 00:00:00,,2020-09-03 00:00:00,2020-09-03 00:00:00,2020-11-13 00:00:00,,,,
METAL LEVE,NM,2020-03-30 00:00:00,2020-03-30 00:00:00,2020-03-30 00:00:00,2020-03-30 00:00:00,2020-05-29 00:00:00,2020-05-29 00:00:00,2020-07-31 00:00:00,2020-07-30 00:00:00,,,2020-05-13 00:00:00,2020-05-13 00:00:00,2020-08-12 00:00:00,2020-08-12 00:00:00,2020-11-11 00:00:00,,2020-03-31 00:00:00,,2020-05-14 00:00:00,2020-05-13 00:00:00,2020-08-13 00:00:00,2020-08-12 00:00:00,2020-11-12 00:00:00,,,,
METALFRIO,NM,2020-03-27 00:00:00,2020-03-27 00:00:00,2020-03-27 00:00:00,2020-03-27 00:00:00,2020-04-28 00:00:00,2020-04-28 00:00:00,2020-07-31 00:00:00,2020-07-31 00:00:00,,,2020-06-26 00:00:00,2020-06-26 00:00:00,2020-08-24 00:00:00,2020-08-24 00:00:00,2020-11-12 00:00:00,,2020-04-03 00:00:00,,2020-06-29 00:00:00,2020-06-29 00:00:00,2020-08-25 00:00:00,2020-08-24 00:00:00,2020-11-13 00:00:00,,,,
MILLS,NM,2020-03-18 00:00:00,2020-03-18 00:00:00,2020-03-18 00:00:00,2020-03-18 00:00:00,2020-04-29 00:00:00,2020-04-29 00:00:00,2020-05-28 00:00:00,2020-05-28 00:00:00,,,2020-05-14 00:00:00,2020-05-14 00:00:00,2020-08-13 00:00:00,2020-08-13 00:00:00,2020-11-12 00:00:00,,2020-03-19 00:00:00,,2020-05-15 00:00:00,2020-05-15 00:00:00,2020-08-14 00:00:00,2020-08-14 00:00:00,2020-11-13 00:00:00,,,,
MINERVA,NM,2020-02-18 00:00:00,2020-02-18 00:00:00,2020-02-18 00:00:00,2020-02-18 00:00:00,2020-03-20 00:00:00,2020-03-20 00:00:00,2020-05-29 00:00:00,2020-07-31 00:00:00,,,2020-04-28 00:00:00,2020-04-28 00:00:00,2020-07-28 00:00:00,2020-07-28 00:00:00,2020-11-03 00:00:00,,2020-03-11 00:00:00,,2020-04-29 00:00:00,2020-04-29 00:00:00,2020-07-29 00:00:00,2020-07-29 00:00:00,2020-11-04 00:00:00,,,,
MITRE REALTY,NM,2020-03-30 00:00:00,2020-03-31 00:00:00,2020-03-30 00:00:00,2020-03-31 00:00:00,2020-04-30 00:00:00,2020-04-30 00:00:00,2020-05-29 00:00:00,2020-05-29 00:00:00,,,2020-05-11 00:00:00,2020-05-11 00:00:00,2020-08-11 00:00:00,2020-08-11 00:00:00,2020-11-10 00:00:00,,2020-03-31 00:00:00,,2020-05-12 00:00:00,2020-05-12 00:00:00,2020-08-12 00:00:00,2020-08-12 00:00:00,2020-11-11 00:00:00,,,,
MMX MINER,NM,2020-03-31 00:00:00,2020-03-31 00:00:00,2020-03-31 00:00:00,2020-03-31 00:00:00,2020-07-31 00:00:00,2020-07-31 00:00:00,2020-07-31 00:00:00,2020-07-31 00:00:00,,,2020-06-29 00:00:00,2020-06-29 00:00:00,2020-08-28 00:00:00,2020-08-28 00:00:00,2020-11-13 00:00:00,,2020-04-07 00:00:00,,2020-07-06 00:00:00,,2020-08-31 00:00:00,,2020-11-19 00:00:00,,,,
MOURA DUBEUX,NM,2020-03-30 00:00:00,2020-03-30 00:00:00,2020-03-30 00:00:00,2020-03-30 00:00:00,2020-04-30 00:00:00,2020-04-30 00:00:00,2020-06-19 00:00:00,2020-06-19 00:00:00,,,2020-05-13 00:00:00,2020-05-13 00:00:00,2020-08-13 00:00:00,2020-08-13 00:00:00,2020-11-12 00:00:00,,2020-03-31 00:00:00,,2020-05-14 00:00:00,2020-05-14 00:00:00,2020-08-14 00:00:00,2020-08-14 00:00:00,2020-11-13 00:00:00,,,,
MOVIDA,NM,2020-03-10 00:00:00,2020-03-10 00:00:00,2020-03-10 00:00:00,2020-03-10 00:00:00,2020-04-30 00:00:00,2020-04-30 00:00:00,2020-05-29 00:00:00,2020-05-29 00:00:00,,,2020-05-13 00:00:00,2020-05-13 00:00:00,2020-08-12 00:00:00,2020-08-12 00:00:00,2020-11-03 00:00:00,,2020-03-11 00:00:00,,2020-05-14 00:00:00,2020-05-14 00:00:00,2020-08-13 00:00:00,2020-08-13 00:00:00,2020-11-04 00:00:00,,,,
MRV,NM,2020-03-02 00:00:00,2020-03-02 00:00:00,2020-03-02 00:00:00,2020-03-02 00:00:00,2020-04-03 00:00:00,2020-04-16 00:00:00,2020-07-31 00:00:00,2020-07-29 00:00:00,,,2020-05-28 00:00:00,2020-05-28 00:00:00,2020-08-12 00:00:00,2020-08-12 00:00:00,2020-11-11 00:00:00,,2020-03-03 00:00:00,,2020-05-29 00:00:00,2020-06-09 00:00:00,2020-08-13 00:00:00,2020-08-20 00:00:00,2020-11-12 00:00:00,,,,
MULTIPLAN,N2,2020-02-17 00:00:00,2020-02-17 00:00:00,2020-02-17 00:00:00,2020-02-17 00:00:00,2020-04-30 00:00:00,2020-04-30 00:00:00,2020-07-30 00:00:00,2020-07-30 00:00:00,2020-12-10 00:00:00,,2020-04-29 00:00:00,2020-04-29 00:00:00,2020-08-06 00:00:00,2020-08-06 00:00:00,2020-10-28 00:00:00,,,,,,,,,,,,
NEOENERGIA,NM,2020-02-17 00:00:00,2020-02-17 00:00:00,2020-02-17 00:00:00,2020-02-17 00:00:00,2020-04-22 00:00:00,2020-04-20 00:00:00,2020-07-31 00:00:00,2020-07-31 00:00:00,,,2020-04-27 00:00:00,2020-04-27 00:00:00,2020-07-21 00:00:00,2020-07-21 00:00:00,2020-10-20 00:00:00,,2020-02-18 00:00:00,,2020-04-28 00:00:00,2020-04-28 00:00:00,2020-07-22 00:00:00,2020-07-22 00:00:00,2020-10-21 00:00:00,,,,
NORTCQUIMICA,MA,2020-03-27 00:00:00,2020-03-27 00:00:00,2020-03-27 00:00:00,2020-03-27 00:00:00,2020-04-28 00:00:00,2020-04-28 00:00:00,2020-06-19 00:00:00,2020-06-19 00:00:00,,,2020-06-29 00:00:00,2020-06-29 00:00:00,2020-08-31 00:00:00,2020-08-31 00:00:00,2020-11-13 00:00:00,,,,,,,,,,,,
NUTRIPLANT,MA,2020-03-31 00:00:00,2020-03-31 00:00:00,2020-03-31 00:00:00,2020-03-31 00:00:00,2020-04-30 00:00:00,2020-04-30 00:00:00,2020-05-29 00:00:00,2020-05-29 00:00:00,,,2020-06-01 00:00:00,2020-06-01 00:00:00,2020-08-27 00:00:00,2020-08-27 00:00:00,2020-11-13 00:00:00,,,,,,,,,,,,
ODONTOPREV,NM,2020-03-05 00:00:00,2020-03-05 00:00:00,2020-03-05 00:00:00,2020-03-05 00:00:00,2020-04-28 00:00:00,2020-04-28 00:00:00,2020-05-28 00:00:00,2020-05-28 00:00:00,,,2020-04-29 00:00:00,2020-04-29 00:00:00,2020-07-29 00:00:00,2020-07-29 00:00:00,2020-10-28 00:00:00,,2020-03-06 00:00:00,,2020-04-30 00:00:00,2020-04-30 00:00:00,2020-07-30 00:00:00,2020-07-30 00:00:00,2020-10-29 00:00:00,,,,
OI,N1,2020-03-25 00:00:00,2020-03-25 00:00:00,2020-03-25 00:00:00,2020-03-25 00:00:00,2020-04-30 00:00:00,2020-04-30 00:00:00,2020-05-29 00:00:00,2020-05-29 00:00:00,2020-10-15 00:00:00,,2020-06-15 00:00:00,2020-06-16 00:00:00,2020-08-13 00:00:00,2020-08-14 00:00:00,2020-11-12 00:00:00,,,,,,,,,,,,
OMEGA GER,NM,2020-03-02 00:00:00,2020-03-02 00:00:00,2020-03-02 00:00:00,2020-03-02 00:00:00,2020-04-30 00:00:00,2020-04-30 00:00:00,2020-06-30 00:00:00,2020-06-30 00:00:00,,,2020-05-15 00:00:00,2020-05-15 00:00:00,2020-08-05 00:00:00,2020-08-05 00:00:00,2020-11-13 00:00:00,,2020-04-01 00:00:00,,2020-05-18 00:00:00,2020-05-18 00:00:00,2020-08-06 00:00:00,2020-08-06 00:00:00,2020-11-16 00:00:00,,,,
OSX BRASIL,NM,2020-03-31 00:00:00,2020-03-31 00:00:00,2020-03-31 00:00:00,2020-03-31 00:00:00,2020-06-01 00:00:00,2020-06-01 00:00:00,2020-07-31 00:00:00,2020-07-31 00:00:00,,,2020-05-15 00:00:00,2020-05-16 00:00:00,2020-08-14 00:00:00,2020-08-14 00:00:00,2020-11-13 00:00:00,,2020-04-06 00:00:00,,2020-05-20 00:00:00,2020-05-20 00:00:00,2020-08-21 00:00:00,2020-08-21 00:00:00,2020-11-19 00:00:00,,,,
OUROFINO S/A,NM,2020-02-11 00:00:00,2020-02-11 00:00:00,2020-02-11 00:00:00,2020-02-11 00:00:00,2020-05-08 00:00:00,2020-05-08 00:00:00,2020-05-08 00:00:00,2020-05-08 00:00:00,,,2020-05-12 00:00:00,2020-05-12 00:00:00,2020-08-06 00:00:00,2020-08-06 00:00:00,2020-11-09 00:00:00,,2020-02-12 00:00:00,,2020-05-13 00:00:00,2020-05-13 00:00:00,2020-08-07 00:00:00,2020-08-07 00:00:00,2020-11-10 00:00:00,,,,
P.ACUCAR-CBD,N1,2020-02-19 00:00:00,2020-02-19 00:00:00,2020-02-19 00:00:00,2020-02-19 00:00:00,2020-04-23 00:00:00,2020-04-23 00:00:00,2020-07-31 00:00:00,2020-07-31 00:00:00,2020-12-01 00:00:00,,2020-05-13 00:00:00,2020-05-13 00:00:00,2020-07-30 00:00:00,2020-07-29 00:00:00,2020-10-28 00:00:00,,2020-02-20 00:00:00,,2020-05-14 00:00:00,2020-05-14 00:00:00,2020-07-30 00:00:00,2020-07-30 00:00:00,2020-10-29 00:00:00,,,,
PAGUE MENOS,NM,2020-02-21 00:00:00,2020-02-21 00:00:00,2020-02-21 00:00:00,2020-02-21 00:00:00,2020-04-30 00:00:00,2020-04-30 00:00:00,2020-05-29 00:00:00,2020-05-29 00:00:00,,,2020-04-29 00:00:00,2020-04-29 00:00:00,2020-07-22 00:00:00,2020-07-27 00:00:00,2020-10-29 00:00:00,,2020-02-21 00:00:00,,2020-04-29 00:00:00,,2020-07-22 00:00:00,,2020-10-30 00:00:00,,,,
PARANAPANEMA,NM,2020-03-16 00:00:00,2020-03-16 00:00:00,2020-03-16 00:00:00,2020-03-16 00:00:00,2020-04-23 00:00:00,2020-04-23 00:00:00,2020-09-30 00:00:00,2020-07-30 00:00:00,,,2020-05-07 00:00:00,2020-05-07 00:00:00,2020-07-31 00:00:00,2020-07-31 00:00:00,2020-10-30 00:00:00,,2020-03-17 00:00:00,,2020-05-08 00:00:00,2020-05-08 00:00:00,2020-08-03 00:00:00,2020-08-03 00:00:00,2020-11-03 00:00:00,,,,
PDG REALT,NM,2020-03-30 00:00:00,2020-03-30 00:00:00,2020-03-30 00:00:00,2020-03-30 00:00:00,2020-06-19 00:00:00,2020-06-19 00:00:00,2020-07-31 00:00:00,2020-07-31 00:00:00,,,2020-05-15 00:00:00,2020-05-15 00:00:00,2020-08-14 00:00:00,2020-08-14 00:00:00,2020-11-13 00:00:00,,2020-03-31 00:00:00,,2020-05-18 00:00:00,2020-05-18 00:00:00,2020-08-17 00:00:00,2020-08-17 00:00:00,2020-11-16 00:00:00,,,,
PETROBRAS,N2,2020-02-19 00:00:00,2020-02-19 00:00:00,2020-02-19 00:00:00,2020-02-19 00:00:00,2020-07-22 00:00:00,2020-07-22 00:00:00,2020-07-31 00:00:00,2020-07-31 00:00:00,,,2020-05-14 00:00:00,2020-05-14 00:00:00,2020-07-30 00:00:00,2020-07-30 00:00:00,2020-10-28 00:00:00,,,,,,,,,,,,
PETROBRAS BR,NM,2020-03-11 00:00:00,2020-03-11 00:00:00,2020-03-11 00:00:00,2020-03-11 00:00:00,2020-07-28 00:00:00,2020-07-28 00:00:00,2020-07-31 00:00:00,2020-07-31 00:00:00,,,2020-06-11 00:00:00,2020-06-10 00:00:00,2020-08-11 00:00:00,2020-08-11 00:00:00,2020-11-10 00:00:00,,2020-03-12 00:00:00,,2020-06-12 00:00:00,2020-06-11 00:00:00,2020-08-12 00:00:00,2020-08-12 00:00:00,2020-11-11 00:00:00,,,,
PETRORIO,NM,2020-02-19 00:00:00,2020-02-19 00:00:00,2020-02-19 00:00:00,2020-02-19 00:00:00,2020-04-20 00:00:00,2020-04-20 00:00:00,2020-06-30 00:00:00,2020-06-30 00:00:00,,,2020-05-14 00:00:00,2020-05-15 00:00:00,2020-07-30 00:00:00,2020-08-03 00:00:00,2020-10-29 00:00:00,,2020-02-20 00:00:00,,2020-05-18 00:00:00,2020-05-18 00:00:00,2020-08-03 00:00:00,2020-08-04 00:00:00,2020-10-30 00:00:00,,,,
PETZ,NM,2020-02-19 00:00:00,2020-02-19 00:00:00,2020-02-19 00:00:00,2020-02-19 00:00:00,2020-07-31 00:00:00,2020-07-31 00:00:00,2020-02-19 00:00:00,2020-02-19 00:00:00,,,2020-07-15 00:00:00,2020-07-15 00:00:00,2020-07-15 00:00:00,2020-07-17 00:00:00,2020-10-26 00:00:00,,2020-07-15 00:00:00,,2020-07-15 00:00:00,,2020-07-15 00:00:00,,2020-10-27 00:00:00,,,,
PINE,N2,2020-02-18 00:00:00,2020-02-18 00:00:00,2020-02-18 00:00:00,2020-02-18 00:00:00,2020-03-20 00:00:00,2020-03-20 00:00:00,2020-06-19 00:00:00,2020-06-19 00:00:00,2020-12-01 00:00:00,,2020-05-13 00:00:00,2020-05-13 00:00:00,2020-08-12 00:00:00,2020-08-12 00:00:00,2020-11-11 00:00:00,,,,,,,,,,,,
PLANOEPLANO,NM,2020-09-04 00:00:00,2020-09-04 00:00:00,2020-09-04 00:00:00,2020-09-04 00:00:00,2020-09-04 00:00:00,2020-09-04 00:00:00,2020-09-04 00:00:00,2020-09-04 00:00:00,,,2020-09-04 00:00:00,2020-09-04 00:00:00,2020-09-04 00:00:00,2020-08-25 00:00:00,2020-11-12 00:00:00,,,,2020-09-04 00:00:00,,2020-09-04 00:00:00,,2020-11-13 00:00:00,,,,
POMIFRUTAS,NM,2020-03-30 00:00:00,2020-03-30 00:00:00,2020-03-30 00:00:00,2020-03-30 00:00:00,2020-04-29 00:00:00,2020-04-29 00:00:00,2020-07-31 00:00:00,2020-07-31 00:00:00,,,2020-06-29 00:00:00,2020-06-29 00:00:00,2020-08-14 00:00:00,2020-08-14 00:00:00,2020-11-16 00:00:00,,2020-04-06 00:00:00,,2020-07-27 00:00:00,,2020-08-21 00:00:00,,2020-11-20 00:00:00,,,,
PORTO SEGURO,NM,2020-02-03 00:00:00,2020-02-03 00:00:00,2020-02-03 00:00:00,2020-02-03 00:00:00,2020-03-31 00:00:00,2020-03-31 00:00:00,2020-05-29 00:00:00,2020-05-29 00:00:00,,,2020-05-04 00:00:00,2020-05-04 00:00:00,2020-08-03 00:00:00,2020-08-03 00:00:00,2020-11-03 00:00:00,,2020-02-05 00:00:00,,2020-05-06 00:00:00,2020-05-06 00:00:00,2020-08-05 00:00:00,2020-08-05 00:00:00,2020-11-05 00:00:00,,,,
PORTOBELLO,NM,2020-03-20 00:00:00,2020-03-20 00:00:00,2020-03-20 00:00:00,2020-03-20 00:00:00,2020-04-28 00:00:00,2020-04-28 00:00:00,2020-07-31 00:00:00,2020-07-31 00:00:00,,,2020-05-25 00:00:00,2020-05-25 00:00:00,2020-08-10 00:00:00,2020-08-10 00:00:00,2020-11-09 00:00:00,,2020-03-26 00:00:00,,2020-05-29 00:00:00,2020-05-28 00:00:00,2020-08-13 00:00:00,2020-08-13 00:00:00,2020-11-12 00:00:00,,,,
POSITIVO TEC,NM,2020-03-04 00:00:00,2020-03-04 00:00:00,2020-03-04 00:00:00,2020-03-04 00:00:00,2020-06-01 00:00:00,2020-06-01 00:00:00,2020-07-31 00:00:00,2020-07-31 00:00:00,,,2020-06-08 00:00:00,2020-06-08 00:00:00,2020-08-13 00:00:00,2020-08-13 00:00:00,2020-11-09 00:00:00,,2020-03-05 00:00:00,,2020-06-09 00:00:00,2020-06-09 00:00:00,2020-08-14 00:00:00,2020-08-14 00:00:00,2020-11-10 00:00:00,,,,
PRATICA,MA,2020-03-30 00:00:00,2020-03-31 00:00:00,2020-03-30 00:00:00,2020-03-31 00:00:00,2020-06-30 00:00:00,2020-06-30 00:00:00,2020-07-31 00:00:00,2020-07-31 00:00:00,,,2020-06-29 00:00:00,2020-07-13 00:00:00,2020-08-31 00:00:00,2020-09-01 00:00:00,2020-11-16 00:00:00,,,,,,,,,,,,
PRINER,NM,2020-03-30 00:00:00,2020-03-30 00:00:00,2020-03-30 00:00:00,2020-03-30 00:00:00,2020-04-30 00:00:00,2020-04-30 00:00:00,2020-07-31 00:00:00,2020-07-31 00:00:00,,,2020-06-29 00:00:00,2020-06-29 00:00:00,2020-08-14 00:00:00,2020-08-14 00:00:00,2020-11-13 00:00:00,,2020-04-02 00:00:00,,2020-07-01 00:00:00,2020-07-01 00:00:00,2020-08-18 00:00:00,2020-08-18 00:00:00,2020-11-17 00:00:00,,,,
PROFARMA,NM,2020-03-10 00:00:00,2020-03-11 00:00:00,2020-03-10 00:00:00,2020-03-11 00:00:00,2020-04-22 00:00:00,2020-04-22 00:00:00,2020-05-22 00:00:00,2020-05-22 00:00:00,,,2020-05-06 00:00:00,2020-05-06 00:00:00,2020-08-16 00:00:00,2020-08-17 00:00:00,2020-11-04 00:00:00,,2020-03-11 00:00:00,,2020-05-07 00:00:00,2020-05-07 00:00:00,2020-08-17 00:00:00,2020-08-17 00:00:00,2020-11-05 00:00:00,,,,
QUALICORP,NM,2020-03-12 00:00:00,2020-03-12 00:00:00,2020-03-12 00:00:00,2020-03-12 00:00:00,2020-04-30 00:00:00,2020-04-30 00:00:00,2020-05-29 00:00:00,2020-05-29 00:00:00,,,2020-05-07 00:00:00,2020-05-07 00:00:00,2020-08-25 00:00:00,2020-08-25 00:00:00,2020-11-10 00:00:00,,2020-03-13 00:00:00,,2020-05-08 00:00:00,2020-05-07 00:00:00,2020-08-26 00:00:00,2020-08-26 00:00:00,2020-11-11 00:00:00,,,,
QUALITY SOFT,MA,2020-03-30 00:00:00,2020-03-30 00:00:00,2020-03-30 00:00:00,2020-03-30 00:00:00,2020-04-30 00:00:00,2020-04-30 00:00:00,2020-07-31 00:00:00,2020-07-31 00:00:00,,,2020-05-20 00:00:00,2020-05-20 00:00:00,2020-08-14 00:00:00,2020-08-14 00:00:00,2020-11-13 00:00:00,,,,,,,,,,,,
QUERO-QUERO,NM,2020-06-17 00:00:00,2020-06-17 00:00:00,2020-06-17 00:00:00,2020-06-17 00:00:00,2020-07-14 00:00:00,2020-07-14 00:00:00,2020-08-03 00:00:00,2020-08-03 00:00:00,,,2020-06-17 00:00:00,2020-06-17 00:00:00,2020-08-12 00:00:00,2020-08-12 00:00:00,2020-11-11 00:00:00,,2020-03-30 00:00:00,,2020-06-18 00:00:00,,2020-08-13 00:00:00,2020-08-13 00:00:00,2020-11-12 00:00:00,,,,
RAIADROGASIL,NM,2020-02-19 00:00:00,2020-02-19 00:00:00,2020-02-19 00:00:00,2020-02-19 00:00:00,2020-04-08 00:00:00,2020-04-08 00:00:00,2020-05-29 00:00:00,2020-05-29 00:00:00,,,2020-04-28 00:00:00,2020-04-28 00:00:00,2020-08-11 00:00:00,2020-08-11 00:00:00,2020-10-27 00:00:00,,2020-02-20 00:00:00,,2020-04-29 00:00:00,2020-04-29 00:00:00,2020-08-12 00:00:00,2020-08-12 00:00:00,2020-10-28 00:00:00,,,,
RANDON PART,N1,2020-03-05 00:00:00,2020-03-05 00:00:00,2020-03-05 00:00:00,2020-03-05 00:00:00,2020-04-13 00:00:00,2020-04-13 00:00:00,2020-06-30 00:00:00,2020-06-30 00:00:00,2020-08-27 00:00:00,2020-08-27 00:00:00,2020-06-04 00:00:00,2020-06-04 00:00:00,2020-08-13 00:00:00,2020-08-13 00:00:00,2020-11-12 00:00:00,,,,,,,,,,,,
RENOVA,N2,2020-04-16 00:00:00,2020-04-16 00:00:00,2020-04-16 00:00:00,2020-04-16 00:00:00,2020-07-31 00:00:00,2020-07-31 00:00:00,2020-07-31 00:00:00,2020-07-31 00:00:00,2020-12-01 00:00:00,,2020-07-13 00:00:00,2020-06-29 00:00:00,2020-08-28 00:00:00,2020-08-28 00:00:00,2020-11-13 00:00:00,,,,,,,,,,,,
RNI,NM,2020-03-11 00:00:00,2020-03-11 00:00:00,2020-03-11 00:00:00,2020-03-11 00:00:00,2020-04-23 00:00:00,2020-04-23 00:00:00,2020-07-31 00:00:00,2020-07-31 00:00:00,,,2020-05-13 00:00:00,2020-05-13 00:00:00,2020-08-12 00:00:00,2020-08-12 00:00:00,2020-11-11 00:00:00,,2020-03-12 00:00:00,,2020-05-14 00:00:00,2020-05-13 00:00:00,2020-08-13 00:00:00,2020-08-12 00:00:00,2020-11-12 00:00:00,,,,
ROSSI RESID,NM,2020-03-18 00:00:00,2020-03-18 00:00:00,2020-03-18 00:00:00,2020-03-18 00:00:00,2020-04-29 00:00:00,2020-04-29 00:00:00,2020-05-29 00:00:00,2020-05-29 00:00:00,,,2020-06-09 00:00:00,2020-06-09 00:00:00,2020-08-12 00:00:00,2020-08-12 00:00:00,2020-11-11 00:00:00,,2020-03-19 00:00:00,,2020-06-10 00:00:00,2020-06-10 00:00:00,2020-08-13 00:00:00,2020-08-13 00:00:00,2020-11-12 00:00:00,,,,
RUMO S.A.,NM,2020-02-13 00:00:00,2020-02-13 00:00:00,2020-02-13 00:00:00,2020-02-13 00:00:00,2020-07-22 00:00:00,2020-07-22 00:00:00,2020-07-20 00:00:00,2020-07-20 00:00:00,,,2020-05-27 00:00:00,2020-05-27 00:00:00,2020-08-13 00:00:00,2020-08-13 00:00:00,2020-11-11 00:00:00,,2020-02-14 00:00:00,,2020-05-28 00:00:00,2020-05-28 00:00:00,2020-08-14 00:00:00,2020-08-13 00:00:00,2020-11-12 00:00:00,,,,
SABESP,NM,2020-03-26 00:00:00,2020-03-26 00:00:00,2020-03-26 00:00:00,2020-03-26 00:00:00,2020-04-28 00:00:00,2020-04-28 00:00:00,2020-06-25 00:00:00,2020-06-24 00:00:00,,2020-01-09 00:00:00,2020-05-14 00:00:00,2020-05-14 00:00:00,2020-08-13 00:00:00,2020-08-13 00:00:00,2020-11-12 00:00:00,,2020-03-31 00:00:00,,2020-05-19 00:00:00,2020-05-18 00:00:00,2020-08-18 00:00:00,2020-08-17 00:00:00,2020-11-17 00:00:00,,,,
SANEPAR,N2,2020-02-06 00:00:00,2020-02-06 00:00:00,2020-02-06 00:00:00,2020-02-06 00:00:00,2020-04-23 00:00:00,2020-04-23 00:00:00,2020-05-29 00:00:00,2020-05-29 00:00:00,2020-08-19 00:00:00,2020-08-19 00:00:00,2020-05-07 00:00:00,2020-05-07 00:00:00,2020-08-07 00:00:00,2020-08-07 00:00:00,2020-11-05 00:00:00,,,,,,,,,,,,
SANTOS BRP,NM,2020-03-05 00:00:00,2020-03-05 00:00:00,2020-03-05 00:00:00,2020-03-05 00:00:00,2020-04-28 00:00:00,2020-04-28 00:00:00,2020-05-28 00:00:00,2020-05-28 00:00:00,,,2020-05-12 00:00:00,2020-05-12 00:00:00,2020-08-11 00:00:00,2020-08-11 00:00:00,2020-11-10 00:00:00,,2020-03-06 00:00:00,,2020-05-13 00:00:00,2020-05-13 00:00:00,2020-08-12 00:00:00,2020-08-12 00:00:00,2020-11-11 00:00:00,,,,
SAO CARLOS,NM,2020-03-05 00:00:00,2020-03-05 00:00:00,2020-03-05 00:00:00,2020-03-05 00:00:00,2020-04-30 00:00:00,2020-04-30 00:00:00,2020-07-31 00:00:00,2020-07-31 00:00:00,,,2020-05-07 00:00:00,2020-05-07 00:00:00,2020-08-13 00:00:00,2020-08-13 00:00:00,2020-11-04 00:00:00,,2020-03-06 00:00:00,,2020-05-08 00:00:00,2020-05-07 00:00:00,2020-08-14 00:00:00,2020-08-13 00:00:00,2020-11-05 00:00:00,,,,
SAO MARTINHO,NM,2020-06-29 00:00:00,2020-06-29 00:00:00,2020-06-29 00:00:00,2020-06-29 00:00:00,2020-07-31 00:00:00,2020-07-31 00:00:00,2020-08-31 00:00:00,,,,2020-08-10 00:00:00,2020-08-10 00:00:00,2020-11-09 00:00:00,2020-08-10 00:00:00,2021-02-08 00:00:00,,2020-06-30 00:00:00,,2020-08-11 00:00:00,2020-08-11 00:00:00,2020-11-10 00:00:00,,2021-02-09 00:00:00,,,,
SARAIVA LIVR,N2,2020-03-30 00:00:00,2020-03-30 00:00:00,2020-03-30 00:00:00,2020-03-30 00:00:00,2020-05-29 00:00:00,2020-05-29 00:00:00,2020-07-31 00:00:00,2020-07-31 00:00:00,2020-12-01 00:00:00,,2020-06-15 00:00:00,2020-06-15 00:00:00,2020-08-21 00:00:00,2020-08-21 00:00:00,2020-11-12 00:00:00,,2020-05-29 00:00:00,,,,,,,,,,
SEQUOIA LOG,NM,2020-08-13 00:00:00,,2020-08-13 00:00:00,,2020-07-31 00:00:00,,2020-08-13 00:00:00,,,,2020-08-12 00:00:00,,2020-08-12 00:00:00,2020-09-15 00:00:00,2020-11-13 00:00:00,,2020-08-13 00:00:00,,2020-08-13 00:00:00,,2020-08-13 00:00:00,,2020-11-16 00:00:00,,,,
SER EDUCA,NM,2020-03-27 00:00:00,2020-03-27 00:00:00,2020-03-27 00:00:00,2020-03-27 00:00:00,2020-04-30 00:00:00,2020-04-30 00:00:00,2020-05-29 00:00:00,2020-05-29 00:00:00,,,2020-05-15 00:00:00,2020-05-15 00:00:00,2020-08-24 00:00:00,2020-08-24 00:00:00,2020-11-11 00:00:00,,2020-03-27 00:00:00,,2020-05-15 00:00:00,2020-05-15 00:00:00,2020-08-25 00:00:00,2020-08-24 00:00:00,2020-11-11 00:00:00,,,,
SINQIA,NM,2020-03-04 00:00:00,2020-03-04 00:00:00,2020-03-04 00:00:00,2020-03-04 00:00:00,2020-04-28 00:00:00,2020-04-28 00:00:00,2020-05-28 00:00:00,2020-05-28 00:00:00,,,2020-05-12 00:00:00,2020-05-12 00:00:00,2020-08-11 00:00:00,2020-08-11 00:00:00,2020-11-10 00:00:00,,2020-03-05 00:00:00,,2020-05-13 00:00:00,2020-05-13 00:00:00,2020-08-12 00:00:00,2020-08-12 00:00:00,2020-11-11 00:00:00,,,,
SLC AGRICOLA,NM,2020-03-11 00:00:00,2020-03-11 00:00:00,2020-03-11 00:00:00,2020-03-11 00:00:00,2020-07-30 00:00:00,2020-07-30 00:00:00,2020-07-31 00:00:00,2020-07-31 00:00:00,,,2020-05-13 00:00:00,2020-05-13 00:00:00,2020-08-13 00:00:00,2020-08-13 00:00:00,2020-11-06 00:00:00,,2020-03-12 00:00:00,,2020-05-14 00:00:00,2020-05-14 00:00:00,2020-08-14 00:00:00,2020-08-14 00:00:00,2020-11-09 00:00:00,,,,
SMART FIT,M2,2020-03-31 00:00:00,2020-03-31 00:00:00,2020-03-31 00:00:00,2020-03-31 00:00:00,2020-05-20 00:00:00,2020-05-20 00:00:00,2020-07-31 00:00:00,2020-07-31 00:00:00,,,2020-05-28 00:00:00,2020-05-28 00:00:00,2020-08-27 00:00:00,2020-08-28 00:00:00,2020-11-16 00:00:00,,,,,,,,,,,,
SMILES,NM,2020-02-18 00:00:00,2020-02-18 00:00:00,2020-02-18 00:00:00,2020-02-18 00:00:00,2020-07-31 00:00:00,2020-07-31 00:00:00,2020-07-31 00:00:00,2020-07-31 00:00:00,,,2020-04-28 00:00:00,2020-04-28 00:00:00,2020-07-28 00:00:00,2020-07-28 00:00:00,2020-10-27 00:00:00,,2020-02-19 00:00:00,,2020-04-29 00:00:00,2020-04-29 00:00:00,2020-07-29 00:00:00,2020-07-29 00:00:00,2020-10-28 00:00:00,,,,
SPRINGS,NM,2020-03-30 00:00:00,2020-03-30 00:00:00,2020-03-30 00:00:00,2020-03-30 00:00:00,2020-04-30 00:00:00,2020-04-30 00:00:00,2020-07-22 00:00:00,2020-07-22 00:00:00,,,2020-06-25 00:00:00,2020-06-25 00:00:00,2020-08-13 00:00:00,2020-08-13 00:00:00,2020-11-12 00:00:00,,2020-03-30 00:00:00,,2020-06-26 00:00:00,2020-06-25 00:00:00,2020-08-14 00:00:00,2020-08-13 00:00:00,2020-11-13 00:00:00,,,,
STARA,MA,2020-03-23 00:00:00,2020-03-23 00:00:00,2020-03-23 00:00:00,2020-03-23 00:00:00,2020-05-07 00:00:00,2020-05-07 00:00:00,2020-06-25 00:00:00,2020-06-25 00:00:00,,,2020-06-25 00:00:00,2020-06-25 00:00:00,2020-08-13 00:00:00,2020-08-13 00:00:00,2020-11-12 00:00:00,,,,,,,,,,,,
SUL AMERICA,N2,2020-02-20 00:00:00,2020-02-20 00:00:00,2020-02-20 00:00:00,2020-02-20 00:00:00,2020-07-29 00:00:00,2020-07-29 00:00:00,2020-05-29 00:00:00,2020-05-29 00:00:00,2020-12-10 00:00:00,,2020-05-13 00:00:00,2020-05-13 00:00:00,2020-08-05 00:00:00,2020-08-05 00:00:00,2020-11-12 00:00:00,,,,,,,,,,,,
SUZANO SA,NM,2020-02-12 00:00:00,2020-02-12 00:00:00,2020-02-12 00:00:00,2020-02-12 00:00:00,2020-05-22 00:00:00,2020-05-22 00:00:00,2020-05-29 00:00:00,2020-05-29 00:00:00,,,2020-05-14 00:00:00,2020-05-14 00:00:00,2020-08-13 00:00:00,2020-08-13 00:00:00,2020-10-29 00:00:00,,2020-02-13 00:00:00,,2020-05-15 00:00:00,2020-05-15 00:00:00,2020-08-14 00:00:00,2020-08-14 00:00:00,2020-10-30 00:00:00,,,,
TAESA,N2,2020-03-12 00:00:00,2020-03-12 00:00:00,2020-03-12 00:00:00,2020-03-12 00:00:00,2020-04-30 00:00:00,2020-04-30 00:00:00,2020-06-30 00:00:00,2020-06-30 00:00:00,2020-12-01 00:00:00,,2020-05-14 00:00:00,2020-05-14 00:00:00,2020-08-12 00:00:00,2020-08-12 00:00:00,2020-11-11 00:00:00,,,,,,,,,,,,
TAURUS ARMAS,N2,2020-03-30 00:00:00,2020-03-30 00:00:00,2020-03-30 00:00:00,2020-03-30 00:00:00,2020-04-30 00:00:00,2020-04-30 00:00:00,2020-07-31 00:00:00,2020-07-31 00:00:00,2020-12-18 00:00:00,,2020-06-29 00:00:00,2020-06-29 00:00:00,2020-08-13 00:00:00,2020-08-13 00:00:00,2020-11-16 00:00:00,,,,,,,,,,,,
TECHNOS,NM,2020-03-30 00:00:00,2020-03-31 00:00:00,2020-03-30 00:00:00,2020-03-31 00:00:00,2020-07-31 00:00:00,2020-07-31 00:00:00,2020-07-31 00:00:00,2020-07-31 00:00:00,,,2020-06-29 00:00:00,2020-06-29 00:00:00,2020-08-31 00:00:00,2020-08-31 00:00:00,2020-11-05 00:00:00,,2020-04-01 00:00:00,,2020-06-30 00:00:00,2020-06-30 00:00:00,2020-09-01 00:00:00,2020-09-01 00:00:00,2020-11-06 00:00:00,,,,
TECNISA,NM,2020-03-18 00:00:00,2020-03-18 00:00:00,2020-03-18 00:00:00,2020-03-18 00:00:00,2020-04-23 00:00:00,2020-04-23 00:00:00,2020-06-04 00:00:00,2020-06-04 00:00:00,,,2020-05-15 00:00:00,2020-05-14 00:00:00,2020-08-12 00:00:00,2020-08-12 00:00:00,2020-11-11 00:00:00,,2020-03-19 00:00:00,,2020-05-14 00:00:00,2020-05-15 00:00:00,2020-08-13 00:00:00,2020-08-13 00:00:00,2020-11-12 00:00:00,,,,
TEGMA,NM,2020-03-31 00:00:00,2020-03-31 00:00:00,2020-03-31 00:00:00,2020-03-31 00:00:00,2020-04-30 00:00:00,2020-04-30 00:00:00,2020-06-18 00:00:00,2020-06-18 00:00:00,,,2020-05-12 00:00:00,2020-05-12 00:00:00,2020-08-05 00:00:00,2020-08-05 00:00:00,2020-11-06 00:00:00,,2020-04-01 00:00:00,,2020-05-12 00:00:00,2020-05-13 00:00:00,2020-08-06 00:00:00,2020-08-06 00:00:00,2020-11-09 00:00:00,,,,
TENDA,NM,2020-03-19 00:00:00,2020-03-19 00:00:00,2020-03-19 00:00:00,2020-03-19 00:00:00,2020-07-10 00:00:00,2020-07-10 00:00:00,2020-07-31 00:00:00,2020-07-31 00:00:00,,,2020-05-07 00:00:00,2020-05-14 00:00:00,2020-08-06 00:00:00,2020-08-06 00:00:00,2020-11-05 00:00:00,,2020-03-20 00:00:00,,2020-05-08 00:00:00,2020-06-09 00:00:00,2020-08-07 00:00:00,2020-08-13 00:00:00,2020-11-06 00:00:00,,,,
TERRA SANTA,NM,2020-03-12 00:00:00,2020-03-12 00:00:00,2020-03-12 00:00:00,2020-03-12 00:00:00,2020-06-10 00:00:00,2020-06-10 00:00:00,2020-07-31 00:00:00,2020-07-31 00:00:00,,,2020-05-14 00:00:00,2020-05-14 00:00:00,2020-08-13 00:00:00,2020-08-13 00:00:00,2020-11-12 00:00:00,,2020-03-12 00:00:00,,2020-05-15 00:00:00,2020-05-15 00:00:00,2020-08-14 00:00:00,2020-08-14 00:00:00,2020-11-13 00:00:00,,,,
TIM PART S/A,NM,2020-02-11 00:00:00,2020-02-11 00:00:00,2020-02-11 00:00:00,2020-02-11 00:00:00,2020-04-07 00:00:00,2020-04-07 00:00:00,2020-06-30 00:00:00,2020-06-30 00:00:00,,,2020-05-05 00:00:00,2020-05-05 00:00:00,2020-07-29 00:00:00,2020-07-29 00:00:00,2020-11-03 00:00:00,,2020-02-12 00:00:00,,2020-05-06 00:00:00,2020-05-05 00:00:00,2020-07-30 00:00:00,2020-07-29 00:00:00,2020-11-04 00:00:00,,,,
TIME FOR FUN,NM,2020-03-11 00:00:00,2020-03-11 00:00:00,2020-03-11 00:00:00,2020-03-11 00:00:00,2020-07-22 00:00:00,2020-07-22 00:00:00,2020-07-31 00:00:00,2020-07-31 00:00:00,,,2020-05-19 00:00:00,2020-05-15 00:00:00,2020-08-12 00:00:00,2020-08-12 00:00:00,2020-11-11 00:00:00,,2020-03-12 00:00:00,,2020-05-20 00:00:00,2020-05-20 00:00:00,2020-08-13 00:00:00,2020-08-13 00:00:00,2020-11-12 00:00:00,,,,
TOTVS,NM,2020-02-12 00:00:00,2020-02-12 00:00:00,2020-02-12 00:00:00,2020-02-12 00:00:00,2020-04-27 00:00:00,2020-04-27 00:00:00,2020-05-29 00:00:00,2020-05-29 00:00:00,,,2020-05-06 00:00:00,2020-05-06 00:00:00,2020-08-05 00:00:00,2020-08-05 00:00:00,2020-11-11 00:00:00,,2020-02-13 00:00:00,,2020-05-07 00:00:00,2020-05-06 00:00:00,2020-08-06 00:00:00,2020-08-05 00:00:00,2020-11-12 00:00:00,,,,
TRAN PAULIST,N1,2020-03-04 00:00:00,2020-03-04 00:00:00,2020-03-04 00:00:00,2020-03-04 00:00:00,2020-04-16 00:00:00,2020-04-16 00:00:00,2020-06-26 00:00:00,2020-06-26 00:00:00,2020-12-08 00:00:00,,2020-04-29 00:00:00,2020-04-29 00:00:00,2020-07-30 00:00:00,2020-07-30 00:00:00,2020-10-29 00:00:00,,,,,,,,,,,,
TRISUL,NM,2020-03-10 00:00:00,2020-03-10 00:00:00,2020-03-10 00:00:00,2020-03-10 00:00:00,2020-04-23 00:00:00,2020-04-23 00:00:00,2020-05-29 00:00:00,2020-05-28 00:00:00,,,2020-05-12 00:00:00,2020-05-12 00:00:00,2020-08-13 00:00:00,2020-08-13 00:00:00,2020-11-12 00:00:00,,2020-03-11 00:00:00,,2020-05-13 00:00:00,2020-05-13 00:00:00,2020-08-14 00:00:00,2020-08-14 00:00:00,2020-11-13 00:00:00,,,,
TRIUNFO PART,NM,2020-03-12 00:00:00,2020-03-12 00:00:00,2020-03-12 00:00:00,2020-03-12 00:00:00,2020-04-27 00:00:00,2020-04-27 00:00:00,2020-06-10 00:00:00,2020-06-10 00:00:00,,,2020-05-28 00:00:00,2020-05-28 00:00:00,2020-08-06 00:00:00,2020-08-06 00:00:00,2020-11-05 00:00:00,,2020-03-13 00:00:00,,2020-05-29 00:00:00,2020-05-29 00:00:00,2020-08-07 00:00:00,2020-08-07 00:00:00,2020-11-06 00:00:00,,,,
TUPY,NM,2020-03-03 00:00:00,2020-03-03 00:00:00,2020-03-03 00:00:00,2020-03-03 00:00:00,2020-04-30 00:00:00,2020-04-30 00:00:00,2020-07-28 00:00:00,2020-07-28 00:00:00,,,2020-06-29 00:00:00,2020-06-29 00:00:00,2020-08-12 00:00:00,2020-08-12 00:00:00,2020-10-28 00:00:00,,2020-03-04 00:00:00,,2020-06-30 00:00:00,2020-06-30 00:00:00,2020-08-13 00:00:00,2020-08-13 00:00:00,2020-10-29 00:00:00,,,,
ULTRAPAR,NM,2020-02-19 00:00:00,2020-02-19 00:00:00,2020-02-19 00:00:00,2020-02-19 00:00:00,2020-04-15 00:00:00,2020-04-15 00:00:00,2020-05-29 00:00:00,2020-05-29 00:00:00,,,2020-05-13 00:00:00,2020-05-13 00:00:00,2020-08-12 00:00:00,2020-08-12 00:00:00,2020-11-04 00:00:00,,2020-02-20 00:00:00,,2020-05-14 00:00:00,2020-05-18 00:00:00,2020-08-13 00:00:00,2020-08-13 00:00:00,2020-11-05 00:00:00,,,,
UNICASA,NM,2020-03-12 00:00:00,2020-03-12 00:00:00,2020-03-12 00:00:00,2020-03-12 00:00:00,2020-07-29 00:00:00,2020-07-29 00:00:00,2020-07-31 00:00:00,2020-07-31 00:00:00,,,2020-05-28 00:00:00,2020-05-28 00:00:00,2020-08-06 00:00:00,2020-08-06 00:00:00,2020-11-12 00:00:00,,2020-03-13 00:00:00,,2020-05-29 00:00:00,2020-05-29 00:00:00,2020-08-07 00:00:00,2020-08-07 00:00:00,2020-11-13 00:00:00,,,,
USIMINAS,N1,2020-02-14 00:00:00,2020-02-14 00:00:00,2020-02-14 00:00:00,2020-02-14 00:00:00,2020-04-28 00:00:00,2020-04-28 00:00:00,2020-07-31 00:00:00,2020-07-31 00:00:00,2020-11-27 00:00:00,,2020-05-22 00:00:00,2020-05-22 00:00:00,2020-07-30 00:00:00,2020-07-30 00:00:00,2020-10-29 00:00:00,,,,,,,,,,,,
VALE,NM,2020-02-20 00:00:00,2020-02-20 00:00:00,2020-02-20 00:00:00,2020-02-20 00:00:00,2020-04-30 00:00:00,2020-04-30 00:00:00,2020-05-29 00:00:00,2020-05-29 00:00:00,,,2020-04-28 00:00:00,2020-04-28 00:00:00,2020-07-29 00:00:00,2020-07-29 00:00:00,2020-10-28 00:00:00,,2020-02-21 00:00:00,,2020-04-29 00:00:00,2020-04-29 00:00:00,2020-07-30 00:00:00,2020-07-30 00:00:00,2020-10-29 00:00:00,,,,
VALID,NM,2020-03-05 00:00:00,2020-03-05 00:00:00,2020-03-05 00:00:00,2020-03-05 00:00:00,2020-04-29 00:00:00,2020-04-29 00:00:00,2020-07-31 00:00:00,2020-07-31 00:00:00,,,2020-05-21 00:00:00,2020-05-21 00:00:00,2020-08-06 00:00:00,2020-08-06 00:00:00,2020-11-05 00:00:00,,2020-03-06 00:00:00,,2020-05-08 00:00:00,2020-05-22 00:00:00,2020-08-07 00:00:00,2020-08-07 00:00:00,2020-11-06 00:00:00,,,,
VIAVAREJO,NM,2020-03-25 00:00:00,2020-03-26 00:00:00,2020-03-25 00:00:00,2020-03-26 00:00:00,2020-06-04 00:00:00,2020-06-04 00:00:00,2020-07-31 00:00:00,2020-06-04 00:00:00,,,2020-05-13 00:00:00,2020-05-13 00:00:00,2020-08-12 00:00:00,2020-08-12 00:00:00,2020-11-11 00:00:00,,2020-03-26 00:00:00,,2020-05-14 00:00:00,2020-05-14 00:00:00,2020-08-13 00:00:00,2020-08-13 00:00:00,2020-11-12 00:00:00,,,,
VIVARA S.A.,NM,2020-03-23 00:00:00,2020-03-23 00:00:00,2020-03-23 00:00:00,2020-03-23 00:00:00,2020-04-30 00:00:00,2020-04-30 00:00:00,2020-05-29 00:00:00,2020-05-29 00:00:00,,,2020-05-14 00:00:00,2020-05-14 00:00:00,2020-08-26 00:00:00,2020-08-26 00:00:00,2020-11-12 00:00:00,,2020-03-24 00:00:00,,2020-05-15 00:00:00,2020-05-15 00:00:00,2020-08-27 00:00:00,2020-08-27 00:00:00,2020-11-13 00:00:00,,,,
VIVER,NM,2020-03-30 00:00:00,2020-03-30 00:00:00,2020-03-30 00:00:00,2020-03-30 00:00:00,2020-04-30 00:00:00,2020-04-30 00:00:00,2020-07-31 00:00:00,2020-07-31 00:00:00,,,2020-05-29 00:00:00,2020-05-29 00:00:00,2020-08-13 00:00:00,2020-08-13 00:00:00,2020-11-13 00:00:00,,2020-03-31 00:00:00,,2020-06-01 00:00:00,2020-06-01 00:00:00,2020-08-14 00:00:00,2020-08-14 00:00:00,2020-11-16 00:00:00,,,,
VULCABRAS,NM,2020-03-02 00:00:00,2020-03-02 00:00:00,2020-03-02 00:00:00,2020-03-02 00:00:00,2020-07-24 00:00:00,2020-07-24 00:00:00,2020-07-31 00:00:00,2020-07-31 00:00:00,,,2020-06-08 00:00:00,2020-06-08 00:00:00,2020-08-10 00:00:00,2020-08-10 00:00:00,2020-11-09 00:00:00,,2020-03-03 00:00:00,,2020-06-09 00:00:00,2020-06-08 00:00:00,2020-08-11 00:00:00,2020-08-10 00:00:00,2020-11-10 00:00:00,,,,
WEG,NM,2020-02-19 00:00:00,2020-02-19 00:00:00,2020-02-19 00:00:00,2020-02-19 00:00:00,2020-04-28 00:00:00,2020-04-28 00:00:00,2020-05-29 00:00:00,2020-05-29 00:00:00,,,2020-04-29 00:00:00,2020-04-29 00:00:00,2020-07-22 00:00:00,2020-07-22 00:00:00,2020-10-21 00:00:00,,2020-02-20 00:00:00,,2020-04-30 00:00:00,2020-04-30 00:00:00,2020-07-23 00:00:00,2020-07-23 00:00:00,2020-10-22 00:00:00,,,,
WIZ S.A.,NM,2020-02-20 00:00:00,2020-02-20 00:00:00,2020-02-20 00:00:00,2020-02-20 00:00:00,2020-03-23 00:00:00,2020-03-23 00:00:00,2020-05-29 00:00:00,2020-05-29 00:00:00,,,2020-05-07 00:00:00,2020-05-07 00:00:00,2020-08-06 00:00:00,2020-08-06 00:00:00,2020-11-05 00:00:00,,2020-02-21 00:00:00,,2020-05-08 00:00:00,2020-05-07 00:00:00,2020-08-07 00:00:00,2020-08-06 00:00:00,2020-11-06 00:00:00,,,,
YDUQS PART,NM,2020-03-12 00:00:00,2020-03-12 00:00:00,2020-03-12 00:00:00,2020-03-12 00:00:00,2020-04-24 00:00:00,2020-04-24 00:00:00,2020-07-17 00:00:00,2020-07-17 00:00:00,,,2020-05-07 00:00:00,2020-05-07 00:00:00,2020-08-26 00:00:00,2020-08-26 00:00:00,2020-11-09 00:00:00,,2020-03-13 00:00:00,,2020-05-08 00:00:00,2020-05-07 00:00:00,2020-08-27 00:00:00,2020-08-27 00:00:00,2020-11-10 00:00:00,,,,
